,Image Name,Latitude Ref,Latitude,Longitude Ref,Longitude
0,IMG_231211_093556_0136_REG.TIF,N,23.0.12.0.36.69652616674482,E,72.0.41.0.11.608874126649235
1,IMG_231211_093203_0025_REG.TIF,N,23.0.12.0.35.30678959913081,E,72.0.41.0.13.584685779491979
2,IMG_231211_093628_0151_GRE.TIF,N,23.0.12.0.36.09448916740246,E,72.0.41.0.13.609197298018582
3,IMG_231211_093424_0092_NIR.TIF,N,23.0.12.0.36.29623113629517,E,72.0.41.0.12.182165572020082
4,IMG_231211_093806_0198_RED.TIF,N,23.0.12.0.36.78111759339118,E,72.0.41.0.12.768460468569144
5,IMG_231211_093659_0166_REG.TIF,N,23.0.12.0.35.53598044177409,E,72.0.41.0.15.550883072399959
6,IMG_231211_093159_0023_NIR.TIF,N,23.0.12.0.35.151250015795675,E,72.0.41.0.13.919529604598605
7,IMG_231211_093607_0141_NIR.TIF,N,23.0.12.0.36.774766071320194,E,72.0.41.0.11.87864320069804
8,IMG_231211_093422_0091_REG.TIF,N,23.0.12.0.36.36805324249024,E,72.0.41.0.12.004922972697148
9,IMG_231211_093151_0019_RED.TIF,N,23.0.12.0.34.88336840918608,E,72.0.41.0.14.592031860950433
10,IMG_231211_093739_0185_NIR.TIF,N,23.0.12.0.36.83051555019361,E,72.0.41.0.12.225551483313689
11,IMG_231211_093401_0081_RED.TIF,N,23.0.12.0.36.113330008359185,E,72.0.41.0.12.245582176573665
12,IMG_231211_093205_0026_NIR.TIF,N,23.0.12.0.35.38760736162755,E,72.0.41.0.13.411956582727102
13,IMG_231211_093333_0068_REG.TIF,N,23.0.12.0.35.24693240205661,E,72.0.41.0.14.533945158767251
14,IMG_231211_093148_0018_NIR.TIF,N,23.0.12.0.34.819042187088975,E,72.0.41.0.14.771538360095965
15,IMG_231211_093214_0030_RED.TIF,N,23.0.12.0.35.68939145659097,E,72.0.41.0.12.72433422102757
16,IMG_231211_093746_0188_REG.TIF,N,23.0.12.0.37.03357426465161,E,72.0.41.0.11.688663149224048
17,IMG_231211_093634_0154_NIR.TIF,N,23.0.12.0.35.887153003263705,E,72.0.41.0.14.141808637238451
18,IMG_231211_093821_0205_NIR.TIF,N,23.0.12.0.36.3016132914784,E,72.0.41.0.13.991057740359016
19,IMG_231211_093508_0113_RED.TIF,N,23.0.12.0.35.136818610498814,E,72.0.41.0.15.588162637333665
20,IMG_231211_093655_0164_GRE.TIF,N,23.0.12.0.35.38837478998343,E,72.0.41.0.15.746227791013917
21,IMG_231211_093600_0138_REG.TIF,N,23.0.12.0.36.87243237999413,E,72.0.41.0.11.468253320718782
22,IMG_231211_093300_0052_REG.TIF,N,23.0.12.0.35.33075410009326,E,72.0.41.0.13.854093951742303
23,IMG_231211_093329_0066_RED.TIF,N,23.0.12.0.35.11273287481342,E,72.0.41.0.14.890047632706384
24,IMG_231211_093455_0107_NIR.TIF,N,23.0.12.0.35.2719071171843,E,72.0.41.0.14.824499555599884
25,IMG_231211_093249_0047_NIR.TIF,N,23.0.12.0.35.67609848000555,E,72.0.41.0.12.971005700738505
26,IMG_231211_093346_0074_GRE.TIF,N,23.0.12.0.35.6431779018913,E,72.0.41.0.13.485040558538495
27,IMG_231211_093535_0126_RED.TIF,N,23.0.12.0.36.02886275299585,E,72.0.41.0.13.374581918907328
28,IMG_231211_093836_0212_REG.TIF,N,23.0.12.0.35.82888307132029,E,72.0.41.0.15.235921596166323
29,IMG_231211_093630_0152_RED.TIF,N,23.0.12.0.36.02899815369062,E,72.0.41.0.13.784616996169985
30,IMG_231211_093710_0171_RED.TIF,N,23.0.12.0.35.88231991533212,E,72.0.41.0.14.681613821023044
31,IMG_231211_093502_0110_GRE.TIF,N,23.0.12.0.35.07346369709624,E,72.0.41.0.15.349999867049046
32,IMG_231211_093815_0202_RED.TIF,N,23.0.12.0.36.50605365925869,E,72.0.41.0.13.463608263707819
33,IMG_231211_093146_0017_NIR.TIF,N,23.0.12.0.34.75105637542961,E,72.0.41.0.14.955966284377881
34,IMG_231211_093752_0191_GRE.TIF,N,23.0.12.0.37.250713154939305,E,72.0.41.0.11.56812431673478
35,IMG_231211_093701_0167_NIR.TIF,N,23.0.12.0.35.60819234095196,E,72.0.41.0.15.383134785395791
36,IMG_231211_093258_0051_RED.TIF,N,23.0.12.0.35.39915962826561,E,72.0.41.0.13.67734492556003
37,IMG_231211_093432_0096_NIR.TIF,N,23.0.12.0.36.02202634104945,E,72.0.41.0.12.887578786764957
38,IMG_231211_093443_0101_RED.TIF,N,23.0.12.0.35.67442718311382,E,72.0.41.0.13.769023434049704
39,IMG_231211_093437_0098_RED.TIF,N,23.0.12.0.35.88058128153881,E,72.0.41.0.13.242374375374489
40,IMG_231211_093727_0179_REG.TIF,N,23.0.12.0.36.42642323826397,E,72.0.41.0.13.281569885722337
41,IMG_231211_093310_0057_RED.TIF,N,23.0.12.0.34.985619326584505,E,72.0.41.0.14.736862393727714
42,IMG_231211_093315_0059_NIR.TIF,N,23.0.12.0.34.850188116175495,E,72.0.41.0.15.087826411011624
43,IMG_231211_093649_0161_NIR.TIF,N,23.0.12.0.35.41736548670774,E,72.0.41.0.15.37064799423505
44,IMG_231211_093844_0216_RED.TIF,N,23.0.12.0.35.58654137744545,E,72.0.41.0.15.85724784753297
45,IMG_231211_093523_0120_NIR.TIF,N,23.0.12.0.35.61772919266905,E,72.0.41.0.14.428471799610913
46,IMG_231211_093617_0146_REG.TIF,N,23.0.12.0.36.432027023863284,E,72.0.41.0.12.7346372376793
47,IMG_231211_093338_0070_NIR.TIF,N,23.0.12.0.35.37808142552728,E,72.0.41.0.14.188013487773388
48,IMG_231211_093317_0060_GRE.TIF,N,23.0.12.0.34.786277106856026,E,72.0.41.0.15.269539805629188
49,IMG_231211_093521_0119_GRE.TIF,N,23.0.12.0.35.549552878405066,E,72.0.41.0.14.600860938587338
50,IMG_231211_093546_0131_NIR.TIF,N,23.0.12.0.36.36335330073391,E,72.0.41.0.12.489303880971253
51,IMG_231211_093357_0079_GRE.TIF,N,23.0.12.0.35.97725983643365,E,72.0.41.0.12.607410951490516
52,IMG_231211_093556_0136_RED.TIF,N,23.0.12.0.36.69652616674482,E,72.0.41.0.11.608877138903924
53,IMG_231211_093325_0064_GRE.TIF,N,23.0.12.0.34.97959923743078,E,72.0.41.0.15.23814090370222
54,IMG_231211_093203_0025_RED.TIF,N,23.0.12.0.35.30678495529856,E,72.0.41.0.13.584688529407776
55,IMG_231211_093806_0198_REG.TIF,N,23.0.12.0.36.78111759339118,E,72.0.41.0.12.768461683264109
56,IMG_231211_093504_0111_GRE.TIF,N,23.0.12.0.35.01362251430735,E,72.0.41.0.15.514227908756023
57,IMG_231211_093418_0089_NIR.TIF,N,23.0.12.0.36.50654516765259,E,72.0.41.0.11.657864456878244
58,IMG_231211_093659_0166_RED.TIF,N,23.0.12.0.35.53598044177409,E,72.0.41.0.15.550886675948076
59,IMG_231211_093151_0019_REG.TIF,N,23.0.12.0.34.88337294230391,E,72.0.41.0.14.592028688085703
60,IMG_231211_093422_0091_RED.TIF,N,23.0.12.0.36.36805324249024,E,72.0.41.0.12.004919751405764
61,IMG_231211_093453_0106_NIR.TIF,N,23.0.12.0.35.33631421615675,E,72.0.41.0.14.655751932676743
62,IMG_231211_093703_0168_GRE.TIF,N,23.0.12.0.35.67718905601908,E,72.0.41.0.15.20474505933712
63,IMG_231211_093226_0036_NIR.TIF,N,23.0.12.0.36.14649487252806,E,72.0.41.0.11.680062846232877
64,IMG_231211_093401_0081_REG.TIF,N,23.0.12.0.36.113330008359185,E,72.0.41.0.12.24557994208113
65,IMG_231211_093333_0068_RED.TIF,N,23.0.12.0.35.24693008800655,E,72.0.41.0.14.533946732595002
66,IMG_231211_093304_0054_NIR.TIF,N,23.0.12.0.35.196525900251224,E,72.0.41.0.14.201623716573454
67,IMG_231211_093525_0121_NIR.TIF,N,23.0.12.0.35.68583304346855,E,72.0.41.0.14.249874314819685
68,IMG_231211_093214_0030_REG.TIF,N,23.0.12.0.35.68939145659097,E,72.0.41.0.12.724331808400667
69,IMG_231211_093729_0180_NIR.TIF,N,23.0.12.0.36.49293428536859,E,72.0.41.0.13.111836513429212
70,IMG_231211_093254_0049_NIR.TIF,N,23.0.12.0.35.538078691751856,E,72.0.41.0.13.32855024760818
71,IMG_231211_093212_0029_GRE.TIF,N,23.0.12.0.35.61360860825369,E,72.0.41.0.12.89413697235889
72,IMG_231211_093731_0181_GRE.TIF,N,23.0.12.0.36.559982440860054,E,72.0.41.0.12.929999651986183
73,IMG_231211_093434_0097_NIR.TIF,N,23.0.12.0.35.95036663793964,E,72.0.41.0.13.066001258677716
74,IMG_231211_093746_0188_RED.TIF,N,23.0.12.0.37.03357426465161,E,72.0.41.0.11.688666203028133
75,IMG_231211_093457_0108_GRE.TIF,N,23.0.12.0.35.20327413761403,E,72.0.41.0.15.004075599094419
76,IMG_231211_093508_0113_REG.TIF,N,23.0.12.0.35.136818610498814,E,72.0.41.0.15.588162637333665
77,IMG_231211_093813_0201_NIR.TIF,N,23.0.12.0.36.57693749555879,E,72.0.41.0.13.290359052475033
78,IMG_231211_093600_0138_RED.TIF,N,23.0.12.0.36.87243237999413,E,72.0.41.0.11.46825234081229
79,IMG_231211_093533_0125_NIR.TIF,N,23.0.12.0.35.962395306348355,E,72.0.41.0.13.544556911060143
80,IMG_231211_093329_0066_REG.TIF,N,23.0.12.0.35.11273287481342,E,72.0.41.0.14.890045980812127
81,IMG_231211_093300_0052_RED.TIF,N,23.0.12.0.35.33075642516292,E,72.0.41.0.13.854092521708415
82,IMG_231211_093415_0088_GRE.TIF,N,23.0.12.0.36.56675809305569,E,72.0.41.0.11.485913894194645
83,IMG_231211_093630_0152_REG.TIF,N,23.0.12.0.36.02899815369062,E,72.0.41.0.13.784621243352392
84,IMG_231211_093535_0126_REG.TIF,N,23.0.12.0.36.02886275299585,E,72.0.41.0.13.374577920641432
85,IMG_231211_093836_0212_RED.TIF,N,23.0.12.0.35.82888307132029,E,72.0.41.0.15.235918137111282
86,IMG_231211_093710_0171_REG.TIF,N,23.0.12.0.35.88232471179632,E,72.0.41.0.14.681610609081662
87,IMG_231211_093815_0202_REG.TIF,N,23.0.12.0.36.506051176926654,E,72.0.41.0.13.463610964823188
88,IMG_231211_093411_0086_NIR.TIF,N,23.0.12.0.36.4370612715357,E,72.0.41.0.11.43650721840554
89,IMG_231211_093218_0032_GRE.TIF,N,23.0.12.0.35.84326888494822,E,72.0.41.0.12.371289489341542
90,IMG_231211_093258_0051_REG.TIF,N,23.0.12.0.35.39915962826561,E,72.0.41.0.13.67734771311731
91,IMG_231211_093722_0177_NIR.TIF,N,23.0.12.0.36.29161842957003,E,72.0.41.0.13.636515180201744
92,IMG_231211_093512_0115_GRE.TIF,N,23.0.12.0.35.26967566892508,E,72.0.41.0.15.293688100507053
93,IMG_231211_093443_0101_REG.TIF,N,23.0.12.0.35.67442718311382,E,72.0.41.0.13.769026259101924
94,IMG_231211_093727_0179_RED.TIF,N,23.0.12.0.36.42641829523539,E,72.0.41.0.13.281572514289163
95,IMG_231211_093437_0098_REG.TIF,N,23.0.12.0.35.88058128153881,E,72.0.41.0.13.242375681912002
96,IMG_231211_093842_0215_NIR.TIF,N,23.0.12.0.35.62622145368168,E,72.0.41.0.15.759697061310392
97,IMG_231211_093445_0102_NIR.TIF,N,23.0.12.0.35.60748619811821,E,72.0.41.0.13.947463864784833
98,IMG_231211_093241_0043_GRE.TIF,N,23.0.12.0.35.948241085622044,E,72.0.41.0.12.282563775331615
99,IMG_231211_093310_0057_REG.TIF,N,23.0.12.0.34.985619326584505,E,72.0.41.0.14.736867247971368
100,IMG_231211_093617_0146_RED.TIF,N,23.0.12.0.36.432027023863284,E,72.0.41.0.12.73463482114376
101,IMG_231211_093844_0216_REG.TIF,N,23.0.12.0.35.58654137744545,E,72.0.41.0.15.857249720998889
102,IMG_231211_093230_0038_GRE.TIF,N,23.0.12.0.36.26164969456567,E,72.0.41.0.11.429720035032318
103,IMG_231211_093310_0057_GRE.TIF,N,23.0.12.0.34.985619326584505,E,72.0.41.0.14.736859157567054
104,IMG_231211_093514_0116_NIR.TIF,N,23.0.12.0.35.34104087670542,E,72.0.41.0.15.118117835400762
105,IMG_231211_093241_0043_REG.TIF,N,23.0.12.0.35.94823867857051,E,72.0.41.0.12.282572767376744
106,IMG_231211_093230_0038_REG.TIF,N,23.0.12.0.36.261647245360244,E,72.0.41.0.11.429721981697998
107,IMG_231211_093844_0216_GRE.TIF,N,23.0.12.0.35.58654137744545,E,72.0.41.0.15.85724784753297
108,IMG_231211_093317_0060_RED.TIF,N,23.0.12.0.34.78627485289708,E,72.0.41.0.15.269546754307445
109,IMG_231211_093521_0119_RED.TIF,N,23.0.12.0.35.54955758631846,E,72.0.41.0.14.600856173529685
110,IMG_231211_093218_0032_REG.TIF,N,23.0.12.0.35.84327367097804,E,72.0.41.0.12.371282647530641
111,IMG_231211_093752_0191_RED.TIF,N,23.0.12.0.37.250713154939305,E,72.0.41.0.11.568127307879173
112,IMG_231211_093529_0123_NIR.TIF,N,23.0.12.0.35.82222033133579,E,72.0.41.0.13.90046159981673
113,IMG_231211_093258_0051_GRE.TIF,N,23.0.12.0.35.39915962826561,E,72.0.41.0.13.677339350448877
114,IMG_231211_093443_0101_GRE.TIF,N,23.0.12.0.35.67443192416012,E,72.0.41.0.13.769017783948739
115,IMG_231211_093512_0115_REG.TIF,N,23.0.12.0.35.26967566892508,E,72.0.41.0.15.293679387173649
116,IMG_231211_093437_0098_GRE.TIF,N,23.0.12.0.35.880583679538354,E,72.0.41.0.13.242369149227017
117,IMG_231211_093308_0056_NIR.TIF,N,23.0.12.0.35.0578621074567,E,72.0.41.0.14.558119948649814
118,IMG_231211_093346_0074_RED.TIF,N,23.0.12.0.35.6431779018913,E,72.0.41.0.13.485036493957754
119,IMG_231211_093535_0126_GRE.TIF,N,23.0.12.0.36.028857917275566,E,72.0.41.0.13.374585917175613
120,IMG_231211_093331_0067_NIR.TIF,N,23.0.12.0.35.17831350457169,E,72.0.41.0.14.710981419207373
121,IMG_231211_093630_0152_GRE.TIF,N,23.0.12.0.36.02900298944855,E,72.0.41.0.13.784611333264179
122,IMG_231211_093743_0187_NIR.TIF,N,23.0.12.0.36.96281725698729,E,72.0.41.0.11.86878185500298
123,IMG_231211_093710_0171_GRE.TIF,N,23.0.12.0.35.88231991533212,E,72.0.41.0.14.681618638937751
124,IMG_231211_093502_0110_RED.TIF,N,23.0.12.0.35.07346369709624,E,72.0.41.0.15.350003378098645
125,IMG_231211_093815_0202_GRE.TIF,N,23.0.12.0.36.50605365925869,E,72.0.41.0.13.463604212036799
126,IMG_231211_093508_0113_GRE.TIF,N,23.0.12.0.35.136818610498814,E,72.0.41.0.15.588166258179802
127,IMG_231211_093655_0164_RED.TIF,N,23.0.12.0.35.388377122643156,E,72.0.41.0.15.746229638338576
128,IMG_231211_093243_0044_NIR.TIF,N,23.0.12.0.35.87727234757598,E,72.0.41.0.12.456860632127235
129,IMG_231211_093708_0170_NIR.TIF,N,23.0.12.0.35.81511327234983,E,72.0.41.0.14.857748973904627
130,IMG_231211_093415_0088_REG.TIF,N,23.0.12.0.36.56675311186716,E,72.0.41.0.11.485919791759196
131,IMG_231211_093329_0066_GRE.TIF,N,23.0.12.0.35.11273287481342,E,72.0.41.0.14.890052588391354
132,IMG_231211_093212_0029_REG.TIF,N,23.0.12.0.35.61361333314848,E,72.0.41.0.12.894130778740099
133,IMG_231211_093731_0181_REG.TIF,N,23.0.12.0.36.559984930531925,E,72.0.41.0.12.92998968699782
134,IMG_231211_093342_0072_NIR.TIF,N,23.0.12.0.35.51154420881099,E,72.0.41.0.13.832238951747527
135,IMG_231211_093237_0041_NIR.TIF,N,23.0.12.0.36.081486865633906,E,72.0.41.0.11.939408118196626
136,IMG_231211_093457_0108_REG.TIF,N,23.0.12.0.35.20326952097223,E,72.0.41.0.15.004082308264325
137,IMG_231211_093802_0196_NIR.TIF,N,23.0.12.0.36.91890231591502,E,72.0.41.0.12.426170607998323
138,IMG_231211_093214_0030_GRE.TIF,N,23.0.12.0.35.68938908407916,E,72.0.41.0.12.72433904628412
139,IMG_231211_093651_0162_NIR.TIF,N,23.0.12.0.35.350558511801104,E,72.0.41.0.15.551879517067846
140,IMG_231211_093703_0168_REG.TIF,N,23.0.12.0.35.6771937977995,E,72.0.41.0.15.204738169512025
141,IMG_231211_093151_0019_GRE.TIF,N,23.0.12.0.34.883366142627615,E,72.0.41.0.14.59204455242315
142,IMG_231211_093401_0081_GRE.TIF,N,23.0.12.0.36.113330008359185,E,72.0.41.0.12.245586645561177
143,IMG_231211_093153_0020_NIR.TIF,N,23.0.12.0.34.94840139668383,E,72.0.41.0.14.422298090318726
144,IMG_231211_093357_0079_REG.TIF,N,23.0.12.0.35.97726465831307,E,72.0.41.0.12.607405030263168
145,IMG_231211_093325_0064_REG.TIF,N,23.0.12.0.34.97960379559363,E,72.0.41.0.15.238133983578141
146,IMG_231211_093628_0151_RED.TIF,N,23.0.12.0.36.09448916740246,E,72.0.41.0.13.60920005786695
147,IMG_231211_093504_0111_REG.TIF,N,23.0.12.0.35.01361794727429,E,72.0.41.0.15.514233288626956
148,IMG_231211_093806_0198_GRE.TIF,N,23.0.12.0.36.78111759339118,E,72.0.41.0.12.768456824485638
149,IMG_231211_093830_0209_NIR.TIF,N,23.0.12.0.36.02987344702093,E,72.0.41.0.14.699436012398902
150,IMG_231211_093241_0043_RED.TIF,N,23.0.12.0.35.94823867857051,E,72.0.41.0.12.282569395358278
151,IMG_231211_093638_0156_NIR.TIF,N,23.0.12.0.35.750355092377625,E,72.0.41.0.14.491220520820388
152,IMG_231211_093617_0146_GRE.TIF,N,23.0.12.0.36.43202949613857,E,72.0.41.0.12.734628779808924
153,IMG_231211_093718_0175_NIR.TIF,N,23.0.12.0.36.1549490011831,E,72.0.41.0.13.991945992123638
154,IMG_231211_093230_0038_RED.TIF,N,23.0.12.0.36.26164969456567,E,72.0.41.0.11.429721008365076
155,IMG_231211_093754_0192_NIR.TIF,N,23.0.12.0.37.20063862939574,E,72.0.41.0.11.722461351337424
156,IMG_231211_093804_0197_NIR.TIF,N,23.0.12.0.36.852776182385064,E,72.0.41.0.12.5921987407119
157,IMG_231211_093521_0119_REG.TIF,N,23.0.12.0.35.54955758631846,E,72.0.41.0.14.600854585177826
158,IMG_231211_093317_0060_REG.TIF,N,23.0.12.0.34.78627485289708,E,72.0.41.0.15.269550228648946
159,IMG_231211_093752_0191_REG.TIF,N,23.0.12.0.37.250713154939305,E,72.0.41.0.11.568128304927647
160,IMG_231211_093218_0032_RED.TIF,N,23.0.12.0.35.84327367097804,E,72.0.41.0.12.371284928133434
161,IMG_231211_093344_0073_NIR.TIF,N,23.0.12.0.35.5786362438376,E,72.0.41.0.13.654984915625477
162,IMG_231211_093512_0115_RED.TIF,N,23.0.12.0.35.26967566892508,E,72.0.41.0.15.293682872505817
163,IMG_231211_093727_0179_GRE.TIF,N,23.0.12.0.36.42641829523539,E,72.0.41.0.13.281576457141353
164,IMG_231211_093321_0062_NIR.TIF,N,23.0.12.0.34.84425750905552,E,72.0.41.0.15.4500810662394
165,IMG_231211_093836_0212_GRE.TIF,N,23.0.12.0.35.8288878535091,E,72.0.41.0.15.235914678057812
166,IMG_231211_093346_0074_REG.TIF,N,23.0.12.0.35.64318026826316,E,72.0.41.0.13.485032429379462
167,IMG_231211_093502_0110_REG.TIF,N,23.0.12.0.35.07345911443896,E,72.0.41.0.15.350013911257074
168,IMG_231211_093624_0149_NIR.TIF,N,23.0.12.0.36.22897736635817,E,72.0.41.0.13.26409978676477
169,IMG_231211_093155_0021_NIR.TIF,N,23.0.12.0.35.01282786848628,E,72.0.41.0.14.25107717728122
170,IMG_231211_093600_0138_GRE.TIF,N,23.0.12.0.36.872429847586154,E,72.0.41.0.11.46825234081229
171,IMG_231211_093359_0080_NIR.TIF,N,23.0.12.0.36.044563924761405,E,72.0.41.0.12.42897371697983
172,IMG_231211_093655_0164_REG.TIF,N,23.0.12.0.35.388377122643156,E,72.0.41.0.15.746229638338576
173,IMG_231211_093415_0088_RED.TIF,N,23.0.12.0.36.56675311186716,E,72.0.41.0.11.485917825903673
174,IMG_231211_093300_0052_GRE.TIF,N,23.0.12.0.35.33075642516292,E,72.0.41.0.13.85408823160852
175,IMG_231211_093212_0029_RED.TIF,N,23.0.12.0.35.61360860825369,E,72.0.41.0.12.894132017463381
176,IMG_231211_093731_0181_RED.TIF,N,23.0.12.0.36.559984930531925,E,72.0.41.0.12.929993423866655
177,IMG_231211_093746_0188_GRE.TIF,N,23.0.12.0.37.033569155470225,E,72.0.41.0.11.688671292705152
178,IMG_231211_093409_0085_NIR.TIF,N,23.0.12.0.36.376490566636036,E,72.0.41.0.11.552796099208368
179,IMG_231211_093457_0108_RED.TIF,N,23.0.12.0.35.20327413761403,E,72.0.41.0.15.004080630971286
180,IMG_231211_093333_0068_GRE.TIF,N,23.0.12.0.35.24693008800655,E,72.0.41.0.14.533951454080295
181,IMG_231211_093422_0091_GRE.TIF,N,23.0.12.0.36.36805324249024,E,72.0.41.0.12.004914382590629
182,IMG_231211_093703_0168_RED.TIF,N,23.0.12.0.35.6771937977995,E,72.0.41.0.15.204741614423792
183,IMG_231211_093245_0045_NIR.TIF,N,23.0.12.0.35.81190956592667,E,72.0.41.0.12.623073090118906
184,IMG_231211_093357_0079_RED.TIF,N,23.0.12.0.35.97725983643365,E,72.0.41.0.12.607407398753441
185,IMG_231211_093312_0058_NIR.TIF,N,23.0.12.0.34.91975512503953,E,72.0.41.0.14.907725695591795
186,IMG_231211_093352_0077_NIR.TIF,N,23.0.12.0.35.84047645448854,E,72.0.41.0.12.957451586368592
187,IMG_231211_093203_0025_GRE.TIF,N,23.0.12.0.35.30678495529856,E,72.0.41.0.13.584692654283558
188,IMG_231211_093556_0136_GRE.TIF,N,23.0.12.0.36.69652616674482,E,72.0.41.0.11.60888215933188
189,IMG_231211_093325_0064_RED.TIF,N,23.0.12.0.34.97959923743078,E,72.0.41.0.15.238137443639395
190,IMG_231211_093504_0111_RED.TIF,N,23.0.12.0.35.01362251430735,E,72.0.41.0.15.514231495336231
191,IMG_231211_093628_0151_REG.TIF,N,23.0.12.0.36.09448674072589,E,72.0.41.0.13.609202817716437
192,IMG_231211_093659_0166_GRE.TIF,N,23.0.12.0.35.53598044177409,E,72.0.41.0.15.550890279497864
193,IMG_231211_093153_0020_RED.TIF,N,23.0.12.0.34.94840139668383,E,72.0.41.0.14.422304289284385
194,IMG_231211_093245_0045_REG.TIF,N,23.0.12.0.35.81190956592667,E,72.0.41.0.12.623070715738908
195,IMG_231211_093205_0026_GRE.TIF,N,23.0.12.0.35.387602696511365,E,72.0.41.0.13.41196596423695
196,IMG_231211_093739_0185_GRE.TIF,N,23.0.12.0.36.830513023540085,E,72.0.41.0.12.225561505671429
197,IMG_231211_093424_0092_GRE.TIF,N,23.0.12.0.36.296233590174594,E,72.0.41.0.12.182154514984203
198,IMG_231211_093628_0151_NIR.TIF,N,23.0.12.0.36.09448674072589,E,72.0.41.0.13.609205577567042
199,IMG_231211_093607_0141_GRE.TIF,N,23.0.12.0.36.774773628353,E,72.0.41.0.11.878621123585065
200,IMG_231211_093830_0209_RED.TIF,N,23.0.12.0.36.02987586501722,E,72.0.41.0.14.699431182783217
201,IMG_231211_093159_0023_GRE.TIF,N,23.0.12.0.35.151240809783374,E,72.0.41.0.13.91953826605166
202,IMG_231211_093312_0058_REG.TIF,N,23.0.12.0.34.91975739632924,E,72.0.41.0.14.907722383954212
203,IMG_231211_093352_0077_REG.TIF,N,23.0.12.0.35.84047645448854,E,72.0.41.0.12.957454088207754
204,IMG_231211_093821_0205_GRE.TIF,N,23.0.12.0.36.30162065530105,E,72.0.41.0.13.991047531224217
205,IMG_231211_093342_0072_RED.TIF,N,23.0.12.0.35.51154420881099,E,72.0.41.0.13.832246079380216
206,IMG_231211_093634_0154_GRE.TIF,N,23.0.12.0.35.887157801020095,E,72.0.41.0.14.14179969696082
207,IMG_231211_093409_0085_REG.TIF,N,23.0.12.0.36.376490566636036,E,72.0.41.0.11.552798088023449
208,IMG_231211_093237_0041_RED.TIF,N,23.0.12.0.36.081486865633906,E,72.0.41.0.11.939402807817551
209,IMG_231211_093651_0162_RED.TIF,N,23.0.12.0.35.350558511801104,E,72.0.41.0.15.551879517067846
210,IMG_231211_093148_0018_GRE.TIF,N,23.0.12.0.34.819037670675385,E,72.0.41.0.14.771548114328567
211,IMG_231211_093802_0196_RED.TIF,N,23.0.12.0.36.91890739350632,E,72.0.41.0.12.426163705349952
212,IMG_231211_093146_0017_GRE.TIF,N,23.0.12.0.34.75105187663582,E,72.0.41.0.14.955976283701242
213,IMG_231211_093346_0074_NIR.TIF,N,23.0.12.0.35.64318026826316,E,72.0.41.0.13.485029719661963
214,IMG_231211_093249_0047_GRE.TIF,N,23.0.12.0.35.67610085075066,E,72.0.41.0.12.970996925980181
215,IMG_231211_093331_0067_RED.TIF,N,23.0.12.0.35.17831350457169,E,72.0.41.0.14.710987868819434
216,IMG_231211_093502_0110_NIR.TIF,N,23.0.12.0.35.07345911443896,E,72.0.41.0.15.350017422313096
217,IMG_231211_093743_0187_RED.TIF,N,23.0.12.0.36.96281725698729,E,72.0.41.0.11.868787102746598
218,IMG_231211_093708_0170_RED.TIF,N,23.0.12.0.35.815108493837386,E,72.0.41.0.14.857755552850813
219,IMG_231211_093455_0107_GRE.TIF,N,23.0.12.0.35.27191175184626,E,72.0.41.0.14.824489731310136
220,IMG_231211_093624_0149_REG.TIF,N,23.0.12.0.36.22897736635817,E,72.0.41.0.13.264098475936994
221,IMG_231211_093243_0044_RED.TIF,N,23.0.12.0.35.87727714269084,E,72.0.41.0.12.456856007601948
222,IMG_231211_093359_0080_REG.TIF,N,23.0.12.0.36.04455908482545,E,72.0.41.0.12.428977169864174
223,IMG_231211_093655_0164_NIR.TIF,N,23.0.12.0.35.388377122643156,E,72.0.41.0.15.746229638338576
224,IMG_231211_093155_0021_REG.TIF,N,23.0.12.0.35.01282786848628,E,72.0.41.0.14.251080203606385
225,IMG_231211_093804_0197_REG.TIF,N,23.0.12.0.36.852776182385064,E,72.0.41.0.12.592197559322104
226,IMG_231211_093338_0070_GRE.TIF,N,23.0.12.0.35.37807909422466,E,72.0.41.0.14.188020986776545
227,IMG_231211_093754_0192_REG.TIF,N,23.0.12.0.37.20064120708728,E,72.0.41.0.11.722459303678322
228,IMG_231211_093546_0131_GRE.TIF,N,23.0.12.0.36.363345911844895,E,72.0.41.0.12.489315502599705
229,IMG_231211_093521_0119_NIR.TIF,N,23.0.12.0.35.54955758631846,E,72.0.41.0.14.600851408475142
230,IMG_231211_093317_0060_NIR.TIF,N,23.0.12.0.34.78627485289708,E,72.0.41.0.15.26955196582029
231,IMG_231211_093514_0116_RED.TIF,N,23.0.12.0.35.34103855028195,E,72.0.41.0.15.11812294406042
232,IMG_231211_093638_0156_REG.TIF,N,23.0.12.0.35.750355092377625,E,72.0.41.0.14.491217391644682
233,IMG_231211_093718_0175_REG.TIF,N,23.0.12.0.36.1549490011831,E,72.0.41.0.13.991950368027258
234,IMG_231211_093523_0120_GRE.TIF,N,23.0.12.0.35.61772446668209,E,72.0.41.0.14.428487310305771
235,IMG_231211_093315_0059_GRE.TIF,N,23.0.12.0.34.85019264067381,E,72.0.41.0.15.087816234605462
236,IMG_231211_093649_0161_GRE.TIF,N,23.0.12.0.35.417370159674434,E,72.0.41.0.15.37063743273944
237,IMG_231211_093432_0096_GRE.TIF,N,23.0.12.0.36.02203359187985,E,72.0.41.0.12.887565174668737
238,IMG_231211_093308_0056_RED.TIF,N,23.0.12.0.35.0578621074567,E,72.0.41.0.14.55811521144876
239,IMG_231211_093321_0062_REG.TIF,N,23.0.12.0.34.84425298609815,E,72.0.41.0.15.450079287748727
240,IMG_231211_093701_0167_GRE.TIF,N,23.0.12.0.35.60818761749548,E,72.0.41.0.15.383143600958947
241,IMG_231211_093529_0123_RED.TIF,N,23.0.12.0.35.822215550926686,E,72.0.41.0.13.90046735830827
242,IMG_231211_093752_0191_NIR.TIF,N,23.0.12.0.37.250713154939305,E,72.0.41.0.11.568130299025112
243,IMG_231211_093344_0073_REG.TIF,N,23.0.12.0.35.5786362438376,E,72.0.41.0.13.654987694075892
244,IMG_231211_093245_0045_RED.TIF,N,23.0.12.0.35.81190956592667,E,72.0.41.0.12.623068341359804
245,IMG_231211_093153_0020_REG.TIF,N,23.0.12.0.34.94840139668383,E,72.0.41.0.14.422299640059641
246,IMG_231211_093703_0168_NIR.TIF,N,23.0.12.0.35.6771937977995,E,72.0.41.0.15.204736447056726
247,IMG_231211_093453_0106_GRE.TIF,N,23.0.12.0.35.33632584516743,E,72.0.41.0.14.655727927943962
248,IMG_231211_093226_0036_GRE.TIF,N,23.0.12.0.36.14648757150579,E,72.0.41.0.11.680081142127987
249,IMG_231211_093504_0111_NIR.TIF,N,23.0.12.0.35.01361794727429,E,72.0.41.0.15.514235081918097
250,IMG_231211_093830_0209_REG.TIF,N,23.0.12.0.36.02987586501722,E,72.0.41.0.14.69943279265476
251,IMG_231211_093418_0089_GRE.TIF,N,23.0.12.0.36.50654516765259,E,72.0.41.0.11.657856356266716
252,IMG_231211_093312_0058_RED.TIF,N,23.0.12.0.34.91975739632924,E,72.0.41.0.14.907720728135972
253,IMG_231211_093357_0079_NIR.TIF,N,23.0.12.0.35.97726465831307,E,72.0.41.0.12.60740147752943
254,IMG_231211_093352_0077_RED.TIF,N,23.0.12.0.35.84047645448854,E,72.0.41.0.12.95745784096831
255,IMG_231211_093325_0064_NIR.TIF,N,23.0.12.0.34.97960379559363,E,72.0.41.0.15.238132253548104
256,IMG_231211_093409_0085_RED.TIF,N,23.0.12.0.36.376490566636036,E,72.0.41.0.11.552801071247353
257,IMG_231211_093342_0072_REG.TIF,N,23.0.12.0.35.51154420881099,E,72.0.41.0.13.832241802799722
258,IMG_231211_093457_0108_NIR.TIF,N,23.0.12.0.35.20326952097223,E,72.0.41.0.15.004083985557738
259,IMG_231211_093237_0041_REG.TIF,N,23.0.12.0.36.081486865633906,E,72.0.41.0.11.939404931968614
260,IMG_231211_093212_0029_NIR.TIF,N,23.0.12.0.35.61361333314848,E,72.0.41.0.12.894124585127257
261,IMG_231211_093731_0181_NIR.TIF,N,23.0.12.0.36.559989909876684,E,72.0.41.0.12.929987195753128
262,IMG_231211_093434_0097_GRE.TIF,N,23.0.12.0.35.950371452612984,E,72.0.41.0.13.065989810993587
263,IMG_231211_093525_0121_GRE.TIF,N,23.0.12.0.35.68582592735331,E,72.0.41.0.14.249884905175401
264,IMG_231211_093729_0180_GRE.TIF,N,23.0.12.0.36.492926843725066,E,72.0.41.0.13.111853165224847
265,IMG_231211_093254_0049_GRE.TIF,N,23.0.12.0.35.53808104418909,E,72.0.41.0.13.328538335241154
266,IMG_231211_093651_0162_REG.TIF,N,23.0.12.0.35.350558511801104,E,72.0.41.0.15.551879517067846
267,IMG_231211_093802_0196_REG.TIF,N,23.0.12.0.36.91890231591502,E,72.0.41.0.12.42616600623189
268,IMG_231211_093304_0054_GRE.TIF,N,23.0.12.0.35.196530515124444,E,72.0.41.0.14.201613197830593
269,IMG_231211_093331_0067_REG.TIF,N,23.0.12.0.35.17831350457169,E,72.0.41.0.14.710984644012697
270,IMG_231211_093743_0187_REG.TIF,N,23.0.12.0.36.96281725698729,E,72.0.41.0.11.868783954099872
271,IMG_231211_093708_0170_REG.TIF,N,23.0.12.0.35.815108493837386,E,72.0.41.0.14.857752263376991
272,IMG_231211_093533_0125_GRE.TIF,N,23.0.12.0.35.96238807950711,E,72.0.41.0.13.54457468008701
273,IMG_231211_093415_0088_NIR.TIF,N,23.0.12.0.36.56675311186716,E,72.0.41.0.11.485921757615392
274,IMG_231211_093813_0201_GRE.TIF,N,23.0.12.0.36.57694746348733,E,72.0.41.0.13.290345892256068
275,IMG_231211_093624_0149_RED.TIF,N,23.0.12.0.36.22897736635817,E,72.0.41.0.13.26409585428222
276,IMG_231211_093155_0021_RED.TIF,N,23.0.12.0.35.01282558507325,E,72.0.41.0.14.251083229932835
277,IMG_231211_093359_0080_RED.TIF,N,23.0.12.0.36.044556664857964,E,72.0.41.0.12.428987528528722
278,IMG_231211_093243_0044_REG.TIF,N,23.0.12.0.35.87727234757598,E,72.0.41.0.12.456857163732948
279,IMG_231211_093754_0192_RED.TIF,N,23.0.12.0.37.20064120708728,E,72.0.41.0.11.72245623219101
280,IMG_231211_093804_0197_RED.TIF,N,23.0.12.0.36.852776182385064,E,72.0.41.0.12.592194015154046
281,IMG_231211_093638_0156_RED.TIF,N,23.0.12.0.35.750355092377625,E,72.0.41.0.14.491214262470326
282,IMG_231211_093514_0116_REG.TIF,N,23.0.12.0.35.34104087670542,E,72.0.41.0.15.118119538286932
283,IMG_231211_093445_0102_GRE.TIF,N,23.0.12.0.35.60749092138861,E,72.0.41.0.13.947456617916249
284,IMG_231211_093241_0043_NIR.TIF,N,23.0.12.0.35.94823867857051,E,72.0.41.0.12.282576139397062
285,IMG_231211_093230_0038_NIR.TIF,N,23.0.12.0.36.261647245360244,E,72.0.41.0.11.429721981697998
286,IMG_231211_093718_0175_RED.TIF,N,23.0.12.0.36.1549490011831,E,72.0.41.0.13.991953285297859
287,IMG_231211_093722_0177_GRE.TIF,N,23.0.12.0.36.2916135230595,E,72.0.41.0.13.636524878493987
288,IMG_231211_093512_0115_NIR.TIF,N,23.0.12.0.35.26968030300064,E,72.0.41.0.15.293677644508158
289,IMG_231211_093842_0215_GRE.TIF,N,23.0.12.0.35.62622381780257,E,72.0.41.0.15.759687808884895
290,IMG_231211_093321_0062_RED.TIF,N,23.0.12.0.34.84425298609815,E,72.0.41.0.15.450079287748727
291,IMG_231211_093308_0056_REG.TIF,N,23.0.12.0.35.0578621074567,E,72.0.41.0.14.558118369582454
292,IMG_231211_093529_0123_REG.TIF,N,23.0.12.0.35.822215550926686,E,72.0.41.0.13.900464479061903
293,IMG_231211_093218_0032_NIR.TIF,N,23.0.12.0.35.84327367097804,E,72.0.41.0.12.37127922662803
294,IMG_231211_093411_0086_GRE.TIF,N,23.0.12.0.36.43705632561956,E,72.0.41.0.11.436511116362803
295,IMG_231211_093344_0073_RED.TIF,N,23.0.12.0.35.57863152821915,E,72.0.41.0.13.654990472527437
296,IMG_231211_093722_0177_REG.TIF,N,23.0.12.0.36.29161842957003,E,72.0.41.0.13.636517951140977
297,IMG_231211_093432_0096_RED.TIF,N,23.0.12.0.36.02202875799259,E,72.0.41.0.12.88757012451858
298,IMG_231211_093443_0101_NIR.TIF,N,23.0.12.0.35.67442718311382,E,72.0.41.0.13.769029084155305
299,IMG_231211_093308_0056_GRE.TIF,N,23.0.12.0.35.05786439674775,E,72.0.41.0.14.558110474250787
300,IMG_231211_093437_0098_NIR.TIF,N,23.0.12.0.35.88058128153881,E,72.0.41.0.13.242379601526086
301,IMG_231211_093842_0215_REG.TIF,N,23.0.12.0.35.62622145368168,E,72.0.41.0.15.759695210824423
302,IMG_231211_093411_0086_REG.TIF,N,23.0.12.0.36.4370612715357,E,72.0.41.0.11.436508192894607
303,IMG_231211_093529_0123_GRE.TIF,N,23.0.12.0.35.822215550926686,E,72.0.41.0.13.900473116804582
304,IMG_231211_093701_0167_RED.TIF,N,23.0.12.0.35.60818761749548,E,72.0.41.0.15.383140074732472
305,IMG_231211_093258_0051_NIR.TIF,N,23.0.12.0.35.399154960103075,E,72.0.41.0.13.677350500675727
306,IMG_231211_093338_0070_RED.TIF,N,23.0.12.0.35.37808142552728,E,72.0.41.0.14.18801798717433
307,IMG_231211_093546_0131_RED.TIF,N,23.0.12.0.36.36335083777057,E,72.0.41.0.12.489309691782776
308,IMG_231211_093445_0102_REG.TIF,N,23.0.12.0.35.60748619811821,E,72.0.41.0.13.947462415410513
309,IMG_231211_093310_0057_NIR.TIF,N,23.0.12.0.34.985614766853764,E,72.0.41.0.14.736870484135581
310,IMG_231211_093514_0116_GRE.TIF,N,23.0.12.0.35.34103855028195,E,72.0.41.0.15.118126349835446
311,IMG_231211_093844_0216_NIR.TIF,N,23.0.12.0.35.58654137744545,E,72.0.41.0.15.857249720998889
312,IMG_231211_093523_0120_RED.TIF,N,23.0.12.0.35.61772919266905,E,72.0.41.0.14.428476452815868
313,IMG_231211_093315_0059_RED.TIF,N,23.0.12.0.34.850188116175495,E,72.0.41.0.15.087819626739325
314,IMG_231211_093649_0161_RED.TIF,N,23.0.12.0.35.41736548670774,E,72.0.41.0.15.370640953236364
315,IMG_231211_093533_0125_REG.TIF,N,23.0.12.0.35.96239048845386,E,72.0.41.0.13.544566478991893
316,IMG_231211_093708_0170_GRE.TIF,N,23.0.12.0.35.815108493837386,E,72.0.41.0.14.857760487064276
317,IMG_231211_093455_0107_RED.TIF,N,23.0.12.0.35.27191175184626,E,72.0.41.0.14.82449464345338
318,IMG_231211_093329_0066_NIR.TIF,N,23.0.12.0.35.11273517127624,E,72.0.41.0.14.890042677024715
319,IMG_231211_093813_0201_REG.TIF,N,23.0.12.0.36.57694247952238,E,72.0.41.0.13.290355104406606
320,IMG_231211_093508_0113_NIR.TIF,N,23.0.12.0.35.13682091011326,E,72.0.41.0.15.588160826911228
321,IMG_231211_093243_0044_GRE.TIF,N,23.0.12.0.35.87727714269084,E,72.0.41.0.12.456851383080094
322,IMG_231211_093815_0202_NIR.TIF,N,23.0.12.0.36.506051176926654,E,72.0.41.0.13.463615016498274
323,IMG_231211_093146_0017_RED.TIF,N,23.0.12.0.34.75105187663582,E,72.0.41.0.14.95597295059197
324,IMG_231211_093630_0152_NIR.TIF,N,23.0.12.0.36.02899573581215,E,72.0.41.0.13.784624074808784
325,IMG_231211_093535_0126_NIR.TIF,N,23.0.12.0.36.02886275299585,E,72.0.41.0.13.374576587886665
326,IMG_231211_093249_0047_RED.TIF,N,23.0.12.0.35.67609848000555,E,72.0.41.0.12.971000686589438
327,IMG_231211_093331_0067_GRE.TIF,N,23.0.12.0.35.178311199522874,E,72.0.41.0.14.710991093627584
328,IMG_231211_093710_0171_NIR.TIF,N,23.0.12.0.35.88232471179632,E,72.0.41.0.14.681609003111499
329,IMG_231211_093743_0187_GRE.TIF,N,23.0.12.0.36.96281471214879,E,72.0.41.0.11.868790251394996
330,IMG_231211_093729_0180_REG.TIF,N,23.0.12.0.36.492931804820415,E,72.0.41.0.13.111845479775452
331,IMG_231211_093214_0030_NIR.TIF,N,23.0.12.0.35.68939620161553,E,72.0.41.0.12.724329395774678
332,IMG_231211_093525_0121_REG.TIF,N,23.0.12.0.35.68582829939141,E,72.0.41.0.14.249877340633997
333,IMG_231211_093651_0162_GRE.TIF,N,23.0.12.0.35.350558511801104,E,72.0.41.0.15.551879517067846
334,IMG_231211_093254_0049_REG.TIF,N,23.0.12.0.35.538078691751856,E,72.0.41.0.13.328547600413666
335,IMG_231211_093304_0054_REG.TIF,N,23.0.12.0.35.196525900251224,E,72.0.41.0.14.201620711216762
336,IMG_231211_093148_0018_RED.TIF,N,23.0.12.0.34.819042187088975,E,72.0.41.0.14.771544862916269
337,IMG_231211_093802_0196_GRE.TIF,N,23.0.12.0.36.91890739350632,E,72.0.41.0.12.426156802709247
338,IMG_231211_093342_0072_GRE.TIF,N,23.0.12.0.35.511539510960624,E,72.0.41.0.13.832251781491655
339,IMG_231211_093821_0205_RED.TIF,N,23.0.12.0.36.301615746085616,E,72.0.41.0.13.991051906565877
340,IMG_231211_093634_0154_RED.TIF,N,23.0.12.0.35.887157801020095,E,72.0.41.0.14.141802677052109
341,IMG_231211_093237_0041_GRE.TIF,N,23.0.12.0.36.08148929056279,E,72.0.41.0.11.939396435368895
342,IMG_231211_093434_0097_REG.TIF,N,23.0.12.0.35.95036663793964,E,72.0.41.0.13.065997442780779
343,IMG_231211_093424_0092_RED.TIF,N,23.0.12.0.36.29623113629517,E,72.0.41.0.12.182160043499634
344,IMG_231211_093806_0198_NIR.TIF,N,23.0.12.0.36.781112553630614,E,72.0.41.0.12.768465327350388
345,IMG_231211_093418_0089_REG.TIF,N,23.0.12.0.36.50654516765259,E,72.0.41.0.11.6578614191476
346,IMG_231211_093607_0141_RED.TIF,N,23.0.12.0.36.77476859033079,E,72.0.41.0.11.878626380033092
347,IMG_231211_093159_0023_RED.TIF,N,23.0.12.0.35.151245412788924,E,72.0.41.0.13.919533935323784
348,IMG_231211_093830_0209_GRE.TIF,N,23.0.12.0.36.02987586501722,E,72.0.41.0.14.699426353170702
349,IMG_231211_093153_0020_GRE.TIF,N,23.0.12.0.34.948399121666405,E,72.0.41.0.14.422316687231692
350,IMG_231211_093401_0081_NIR.TIF,N,23.0.12.0.36.11333486678139,E,72.0.41.0.12.245576590343859
351,IMG_231211_093205_0026_RED.TIF,N,23.0.12.0.35.387602696511365,E,72.0.41.0.13.411961943588265
352,IMG_231211_093151_0019_NIR.TIF,N,23.0.12.0.34.88337294230391,E,72.0.41.0.14.592025515222353
353,IMG_231211_093453_0106_REG.TIF,N,23.0.12.0.35.33632351936468,E,72.0.41.0.14.655735929512819
354,IMG_231211_093226_0036_REG.TIF,N,23.0.12.0.36.14649487252806,E,72.0.41.0.11.680065895544748
355,IMG_231211_093739_0185_RED.TIF,N,23.0.12.0.36.83051555019361,E,72.0.41.0.12.225555937692878
356,IMG_231211_093432_0096_REG.TIF,N,23.0.12.0.36.02202875799259,E,72.0.41.0.12.887577549300476
357,IMG_231211_093722_0177_RED.TIF,N,23.0.12.0.36.2916135230595,E,72.0.41.0.13.636519336611016
358,IMG_231211_093321_0062_GRE.TIF,N,23.0.12.0.34.844250724619904,E,72.0.41.0.15.450079287748727
359,IMG_231211_093842_0215_RED.TIF,N,23.0.12.0.35.62622145368168,E,72.0.41.0.15.75969336033889
360,IMG_231211_093727_0179_NIR.TIF,N,23.0.12.0.36.42642323826397,E,72.0.41.0.13.281567257156553
361,IMG_231211_093701_0167_REG.TIF,N,23.0.12.0.35.60819234095196,E,72.0.41.0.15.383138311619842
362,IMG_231211_093411_0086_RED.TIF,N,23.0.12.0.36.4370612715357,E,72.0.41.0.11.43650916738384
363,IMG_231211_093344_0073_GRE.TIF,N,23.0.12.0.35.57863152821915,E,72.0.41.0.13.654996029433923
364,IMG_231211_093754_0192_GRE.TIF,N,23.0.12.0.37.20064120708728,E,72.0.41.0.11.722451113049068
365,IMG_231211_093338_0070_REG.TIF,N,23.0.12.0.35.37808142552728,E,72.0.41.0.14.188014987573384
366,IMG_231211_093804_0197_GRE.TIF,N,23.0.12.0.36.85277871209412,E,72.0.41.0.12.592189289599737
367,IMG_231211_093546_0131_REG.TIF,N,23.0.12.0.36.36335083777057,E,72.0.41.0.12.489306205295213
368,IMG_231211_093638_0156_GRE.TIF,N,23.0.12.0.35.750362234251675,E,72.0.41.0.14.49120174578642
369,IMG_231211_093445_0102_RED.TIF,N,23.0.12.0.35.60748619811821,E,72.0.41.0.13.947459516662779
370,IMG_231211_093649_0161_REG.TIF,N,23.0.12.0.35.41736548670774,E,72.0.41.0.15.370646233984774
371,IMG_231211_093315_0059_REG.TIF,N,23.0.12.0.34.850188116175495,E,72.0.41.0.15.087823018874712
372,IMG_231211_093523_0120_REG.TIF,N,23.0.12.0.35.61772919266905,E,72.0.41.0.14.428473350678898
373,IMG_231211_093718_0175_GRE.TIF,N,23.0.12.0.36.15494656637014,E,72.0.41.0.13.991956202569677
374,IMG_231211_093617_0146_NIR.TIF,N,23.0.12.0.36.432027023863284,E,72.0.41.0.12.734639654215757
375,IMG_231211_093533_0125_RED.TIF,N,23.0.12.0.35.96239048845386,E,72.0.41.0.13.54457057953821
376,IMG_231211_093300_0052_NIR.TIF,N,23.0.12.0.35.33075410009326,E,72.0.41.0.13.854096811810967
377,IMG_231211_093455_0107_REG.TIF,N,23.0.12.0.35.2719071171843,E,72.0.41.0.14.824497918217354
378,IMG_231211_093813_0201_RED.TIF,N,23.0.12.0.36.57694247952238,E,72.0.41.0.13.290352472362292
379,IMG_231211_093624_0149_GRE.TIF,N,23.0.12.0.36.22897736635817,E,72.0.41.0.13.264093232628483
380,IMG_231211_093155_0021_GRE.TIF,N,23.0.12.0.35.01282558507325,E,72.0.41.0.14.251089282589593
381,IMG_231211_093600_0138_NIR.TIF,N,23.0.12.0.36.87243237999413,E,72.0.41.0.11.468253320718782
382,IMG_231211_093359_0080_GRE.TIF,N,23.0.12.0.36.044556664857964,E,72.0.41.0.12.428990981420743
383,IMG_231211_093146_0017_REG.TIF,N,23.0.12.0.34.75105187663582,E,72.0.41.0.14.955969617484183
384,IMG_231211_093249_0047_REG.TIF,N,23.0.12.0.35.67609848000555,E,72.0.41.0.12.971003193663487
385,IMG_231211_093836_0212_NIR.TIF,N,23.0.12.0.35.82888307132029,E,72.0.41.0.15.235925055222934
386,IMG_231211_093525_0121_RED.TIF,N,23.0.12.0.35.68582829939141,E,72.0.41.0.14.249880366449595
387,IMG_231211_093729_0180_RED.TIF,N,23.0.12.0.36.492931804820415,E,72.0.41.0.13.111849322499022
388,IMG_231211_093254_0049_RED.TIF,N,23.0.12.0.35.538078691751856,E,72.0.41.0.13.328544953220206
389,IMG_231211_093333_0068_NIR.TIF,N,23.0.12.0.35.24693240205661,E,72.0.41.0.14.533943584939841
390,IMG_231211_093304_0054_RED.TIF,N,23.0.12.0.35.196525900251224,E,72.0.41.0.14.20161770586134
391,IMG_231211_093148_0018_REG.TIF,N,23.0.12.0.34.819042187088975,E,72.0.41.0.14.7715416115054
392,IMG_231211_093409_0085_GRE.TIF,N,23.0.12.0.36.376488101892754,E,72.0.41.0.11.552805048881622
393,IMG_231211_093634_0154_REG.TIF,N,23.0.12.0.35.887157801020095,E,72.0.41.0.14.141805657144651
394,IMG_231211_093821_0205_REG.TIF,N,23.0.12.0.36.301615746085616,E,72.0.41.0.13.99105482346184
395,IMG_231211_093746_0188_NIR.TIF,N,23.0.12.0.37.03357426465161,E,72.0.41.0.11.688661113355545
396,IMG_231211_093434_0097_RED.TIF,N,23.0.12.0.35.95036663793964,E,72.0.41.0.13.065994898850724
397,IMG_231211_093424_0092_REG.TIF,N,23.0.12.0.36.29623113629517,E,72.0.41.0.12.1821633606113
398,IMG_231211_093159_0023_REG.TIF,N,23.0.12.0.35.151245412788924,E,72.0.41.0.13.919531048173365
399,IMG_231211_093659_0166_NIR.TIF,N,23.0.12.0.35.53598514609331,E,72.0.41.0.15.550881270626528
400,IMG_231211_093418_0089_RED.TIF,N,23.0.12.0.36.50654516765259,E,72.0.41.0.11.65785939399472
401,IMG_231211_093607_0141_REG.TIF,N,23.0.12.0.36.774766071320194,E,72.0.41.0.11.878638995527336
402,IMG_231211_093312_0058_GRE.TIF,N,23.0.12.0.34.91975739632924,E,72.0.41.0.14.90771576068346
403,IMG_231211_093352_0077_GRE.TIF,N,23.0.12.0.35.84047406184696,E,72.0.41.0.12.957461593731038
404,IMG_231211_093203_0025_NIR.TIF,N,23.0.12.0.35.30678959913081,E,72.0.41.0.13.5846844045345
405,IMG_231211_093556_0136_NIR.TIF,N,23.0.12.0.36.6965286750482,E,72.0.41.0.11.60887111439611
406,IMG_231211_093245_0045_GRE.TIF,N,23.0.12.0.35.81191195475594,E,72.0.41.0.12.623063592604275
407,IMG_231211_093205_0026_REG.TIF,N,23.0.12.0.35.387602696511365,E,72.0.41.0.13.411959263157147
408,IMG_231211_093422_0091_NIR.TIF,N,23.0.12.0.36.368050778890186,E,72.0.41.0.12.004925120225698
409,IMG_231211_093453_0106_RED.TIF,N,23.0.12.0.35.33632351936468,E,72.0.41.0.14.655732728884228
410,IMG_231211_093739_0185_REG.TIF,N,23.0.12.0.36.83051555019361,E,72.0.41.0.12.225554824097776
411,IMG_231211_093226_0036_RED.TIF,N,23.0.12.0.36.14649243885364,E,72.0.41.0.11.680077076368564
412,IMG_231211_093548_0132_RED.TIF,N,23.0.12.0.36.432887395919906,E,72.0.41.0.12.308997563424692
413,IMG_231211_093615_0145_GRE.TIF,N,23.0.12.0.36.500432042629704,E,72.0.41.0.12.560883736814803
414,IMG_231211_093428_0094_REG.TIF,N,23.0.12.0.36.15793189332691,E,72.0.41.0.12.534590755073854
415,IMG_231211_093235_0040_REG.TIF,N,23.0.12.0.36.15027963274874,E,72.0.41.0.11.75896773908247
416,IMG_231211_093251_0048_GRE.TIF,N,23.0.12.0.35.60706347049262,E,72.0.41.0.13.150270983987495
417,IMG_231211_093748_0189_REG.TIF,N,23.0.12.0.37.09220027045818,E,72.0.41.0.11.541430277385112
418,IMG_231211_093220_0033_GRE.TIF,N,23.0.12.0.35.91792578562426,E,72.0.41.0.12.192988970572538
419,IMG_231211_093306_0055_GRE.TIF,N,23.0.12.0.35.12596778298578,E,72.0.41.0.14.378628845386842
420,IMG_231211_093653_0163_REG.TIF,N,23.0.12.0.35.31221675193405,E,72.0.41.0.15.688108294137724
421,IMG_231211_093735_0183_REG.TIF,N,23.0.12.0.36.69934069880041,E,72.0.41.0.12.567786662891836
422,IMG_231211_093809_0199_GRE.TIF,N,23.0.12.0.36.71340979514052,E,72.0.41.0.12.946281757365481
423,IMG_231211_093834_0211_GRE.TIF,N,23.0.12.0.35.89821283878977,E,72.0.41.0.15.056005872805445
424,IMG_231211_093737_0184_NIR.TIF,N,23.0.12.0.36.763771359956614,E,72.0.41.0.12.398324575517393
425,IMG_231211_093350_0076_RED.TIF,N,23.0.12.0.35.776489631086356,E,72.0.41.0.13.127102167837469
426,IMG_231211_093327_0065_NIR.TIF,N,23.0.12.0.35.04792482390548,E,72.0.41.0.15.06084281076082
427,IMG_231211_093642_0158_REG.TIF,N,23.0.12.0.35.61283846716002,E,72.0.41.0.14.85390950820133
428,IMG_231211_093626_0150_GRE.TIF,N,23.0.12.0.36.1627420825641,E,72.0.41.0.13.438085285478042
429,IMG_231211_093157_0022_NIR.TIF,N,23.0.12.0.35.080118978947915,E,72.0.41.0.14.085088929239122
430,IMG_231211_093706_0169_NIR.TIF,N,23.0.12.0.35.746384652204924,E,72.0.41.0.15.033916823631987
431,IMG_231211_093405_0083_GRE.TIF,N,23.0.12.0.36.244961144093104,E,72.0.41.0.11.892457468593262
432,IMG_231211_093518_0118_REG.TIF,N,23.0.12.0.35.479836213585514,E,72.0.41.0.14.777077585539665
433,IMG_231211_093558_0137_REG.TIF,N,23.0.12.0.36.7576674253895,E,72.0.41.0.11.475719186526858
434,IMG_231211_093239_0042_GRE.TIF,N,23.0.12.0.36.01600674218072,E,72.0.41.0.12.106291096872715
435,IMG_231211_093447_0103_GRE.TIF,N,23.0.12.0.35.54025953474227,E,72.0.41.0.14.119727886871523
436,IMG_231211_093733_0182_RED.TIF,N,23.0.12.0.36.63029877724317,E,72.0.41.0.12.746781025978441
437,IMG_231211_093645_0159_GRE.TIF,N,23.0.12.0.35.5475968482822,E,72.0.41.0.15.026956830467597
438,IMG_231211_093516_0117_REG.TIF,N,23.0.12.0.35.4109086249461,E,72.0.41.0.14.944046606963695
439,IMG_231211_093319_0061_GRE.TIF,N,23.0.12.0.34.76131890579502,E,72.0.41.0.15.394359886530339
440,IMG_231211_093756_0193_RED.TIF,N,23.0.12.0.37.1314842353128,E,72.0.41.0.11.890561039645265
441,IMG_231211_093619_0147_REG.TIF,N,23.0.12.0.36.363621765738124,E,72.0.41.0.12.912637814821828
442,IMG_231211_093647_0160_NIR.TIF,N,23.0.12.0.35.48190204336336,E,72.0.41.0.15.19985657596314
443,IMG_231211_093542_0129_RED.TIF,N,23.0.12.0.36.231999383840424,E,72.0.41.0.12.839747059541006
444,IMG_231211_093413_0087_GRE.TIF,N,23.0.12.0.36.544771898304596,E,72.0.41.0.11.416792269173085
445,IMG_231211_093439_0099_RED.TIF,N,23.0.12.0.35.81388045841049,E,72.0.41.0.13.413952459466131
446,IMG_231211_093603_0139_NIR.TIF,N,23.0.12.0.36.900824794271394,E,72.0.41.0.11.543456226880659
447,IMG_231211_093323_0063_RED.TIF,N,23.0.12.0.34.9102818756466,E,72.0.41.0.15.397264987550168
448,IMG_231211_093840_0214_GRE.TIF,N,23.0.12.0.35.697868082149306,E,72.0.41.0.15.585771435878886
449,IMG_231211_093510_0114_NIR.TIF,N,23.0.12.0.35.19927196369341,E,72.0.41.0.15.456016391059265
450,IMG_231211_093720_0176_GRE.TIF,N,23.0.12.0.36.22150517245346,E,72.0.41.0.13.815078405396761
451,IMG_231211_093855_0221_NIR.TIF,N,23.0.12.0.34.982612442221644,E,72.0.41.0.15.241061757153155
452,IMG_231211_093256_0050_RED.TIF,N,23.0.12.0.35.46889906341573,E,72.0.41.0.13.498468391456578
453,IMG_231211_093741_0186_REG.TIF,N,23.0.12.0.36.89547395694026,E,72.0.41.0.12.047489196615803
454,IMG_231211_093621_0148_RED.TIF,N,23.0.12.0.36.29683970855486,E,72.0.41.0.13.085405892578327
455,IMG_231211_093827_0208_REG.TIF,N,23.0.12.0.36.095894267924976,E,72.0.41.0.14.523458448430786
456,IMG_231211_093247_0046_NIR.TIF,N,23.0.12.0.35.743904764796156,E,72.0.41.0.12.799093075880492
457,IMG_231211_093348_0075_GRE.TIF,N,23.0.12.0.35.71112027976047,E,72.0.41.0.13.3072783019677
458,IMG_231211_093838_0213_REG.TIF,N,23.0.12.0.35.76488756632834,E,72.0.41.0.15.40774304857608
459,IMG_231211_093609_0142_RED.TIF,N,23.0.12.0.36.70373142802684,E,72.0.41.0.12.056449783210189
460,IMG_231211_093724_0178_NIR.TIF,N,23.0.12.0.36.358558543092066,E,72.0.41.0.13.460536446608945
461,IMG_231211_093758_0194_GRE.TIF,N,23.0.12.0.37.05916850638006,E,72.0.41.0.12.065705715269695
462,IMG_231211_093554_0135_GRE.TIF,N,23.0.12.0.36.63502548350072,E,72.0.41.0.11.778890797732783
463,IMG_231211_093811_0200_GRE.TIF,N,23.0.12.0.36.64786198072869,E,72.0.41.0.13.115233074154403
464,IMG_231211_093714_0173_GRE.TIF,N,23.0.12.0.36.020595567636576,E,72.0.41.0.14.338324370126468
465,IMG_231211_093506_0112_RED.TIF,N,23.0.12.0.35.049222164111974,E,72.0.41.0.15.58286352184018
466,IMG_231211_093449_0104_RED.TIF,N,23.0.12.0.35.47150030309988,E,72.0.41.0.14.295677570616059
467,IMG_231211_093531_0124_GRE.TIF,N,23.0.12.0.35.89243371039033,E,72.0.41.0.13.724173988241716
468,IMG_231211_093548_0132_REG.TIF,N,23.0.12.0.36.43289234070434,E,72.0.41.0.12.30899417688146
469,IMG_231211_093853_0220_NIR.TIF,N,23.0.12.0.35.27383755928349,E,72.0.41.0.15.546271899597322
470,IMG_231211_093428_0094_RED.TIF,N,23.0.12.0.36.15793676375735,E,72.0.41.0.12.534588413863965
471,IMG_231211_093235_0040_RED.TIF,N,23.0.12.0.36.15027963274874,E,72.0.41.0.11.758964648433684
472,IMG_231211_093851_0219_GRE.TIF,N,23.0.12.0.35.47089800014958,E,72.0.41.0.15.751416787466345
473,IMG_231211_093636_0155_GRE.TIF,N,23.0.12.0.35.816673524840496,E,72.0.41.0.14.321860172176814
474,IMG_231211_093748_0189_RED.TIF,N,23.0.12.0.37.09219770777282,E,72.0.41.0.11.541432262288863
475,IMG_231211_093735_0183_RED.TIF,N,23.0.12.0.36.69934069880041,E,72.0.41.0.12.56779019333394
476,IMG_231211_093653_0163_RED.TIF,N,23.0.12.0.35.31221675193405,E,72.0.41.0.15.688106460425315
477,IMG_231211_093643_0158_GRE.TIF,N,23.0.12.0.35.61284319185046,E,72.0.41.0.14.853901288776482
478,IMG_231211_093712_0172_GRE.TIF,N,23.0.12.0.35.948498641998505,E,72.0.41.0.14.51385473047536
479,IMG_231211_093207_0027_GRE.TIF,N,23.0.12.0.35.466511414374615,E,72.0.41.0.13.234995246828655
480,IMG_231211_093552_0134_GRE.TIF,N,23.0.12.0.36.57035735650312,E,72.0.41.0.11.947302437123609
481,IMG_231211_093228_0037_NIR.TIF,N,23.0.12.0.36.21999008871848,E,72.0.41.0.11.511383824139237
482,IMG_231211_093642_0158_RED.TIF,N,23.0.12.0.35.61284319185046,E,72.0.41.0.14.853906220430298
483,IMG_231211_093350_0076_REG.TIF,N,23.0.12.0.35.776489631086356,E,72.0.41.0.13.127099600057782
484,IMG_231211_093518_0118_RED.TIF,N,23.0.12.0.35.479836213585514,E,72.0.41.0.14.777080839388072
485,IMG_231211_093605_0140_GRE.TIF,N,23.0.12.0.36.842558991948344,E,72.0.41.0.11.70780616819575
486,IMG_231211_093558_0137_RED.TIF,N,23.0.12.0.36.75766490872117,E,72.0.41.0.11.475720167709776
487,IMG_231211_093426_0093_GRE.TIF,N,23.0.12.0.36.225097893695676,E,72.0.41.0.12.362624702557877
488,IMG_231211_093516_0117_RED.TIF,N,23.0.12.0.35.410903953684326,E,72.0.41.0.14.944054926455344
489,IMG_231211_093733_0182_REG.TIF,N,23.0.12.0.36.63029877724317,E,72.0.41.0.12.746778604831873
490,IMG_231211_093340_0071_NIR.TIF,N,23.0.12.0.35.444552628406484,E,72.0.41.0.14.009367703330804
491,IMG_231211_093544_0130_GRE.TIF,N,23.0.12.0.36.30047684399037,E,72.0.41.0.12.660051667081223
492,IMG_231211_093756_0193_REG.TIF,N,23.0.12.0.37.1314842353128,E,72.0.41.0.11.890564199856996
493,IMG_231211_093619_0147_RED.TIF,N,23.0.12.0.36.36362422873817,E,72.0.41.0.12.912635330259082
494,IMG_231211_093542_0129_REG.TIF,N,23.0.12.0.36.232001829042495,E,72.0.41.0.12.839744602949384
495,IMG_231211_093439_0099_REG.TIF,N,23.0.12.0.35.81388045841049,E,72.0.41.0.13.413955140694004
496,IMG_231211_093800_0195_NIR.TIF,N,23.0.12.0.36.98730973393529,E,72.0.41.0.12.246377707738926
497,IMG_231211_093750_0190_NIR.TIF,N,23.0.12.0.37.19548138403509,E,72.0.41.0.11.51587577585687
498,IMG_231211_093209_0028_GRE.TIF,N,23.0.12.0.35.5386150554999,E,72.0.41.0.13.065194881991706
499,IMG_231211_093819_0204_NIR.TIF,N,23.0.12.0.36.366774678926774,E,72.0.41.0.13.81968719300433
500,IMG_231211_093323_0063_REG.TIF,N,23.0.12.0.34.9102818756466,E,72.0.41.0.15.397263221198244
501,IMG_231211_093613_0144_GRE.TIF,N,23.0.12.0.36.569610046295864,E,72.0.41.0.12.39033559042444
502,IMG_231211_093256_0050_REG.TIF,N,23.0.12.0.35.46889437684171,E,72.0.41.0.13.498471106577574
503,IMG_231211_093741_0186_RED.TIF,N,23.0.12.0.36.89547395694026,E,72.0.41.0.12.047492440793095
504,IMG_231211_093827_0208_RED.TIF,N,23.0.12.0.36.095894267924976,E,72.0.41.0.14.523455305316938
505,IMG_231211_093621_0148_REG.TIF,N,23.0.12.0.36.29683970855486,E,72.0.41.0.13.08540844407258
506,IMG_231211_093838_0213_RED.TIF,N,23.0.12.0.35.76489233144906,E,72.0.41.0.15.407741279819282
507,IMG_231211_093403_0082_GRE.TIF,N,23.0.12.0.36.180213220086074,E,72.0.41.0.12.064409679978521
508,IMG_231211_093657_0165_NIR.TIF,N,23.0.12.0.35.46041370720634,E,72.0.41.0.15.708864005598732
509,IMG_231211_093609_0142_REG.TIF,N,23.0.12.0.36.70373142802684,E,72.0.41.0.12.05645194921329
510,IMG_231211_093506_0112_REG.TIF,N,23.0.12.0.35.049222164111974,E,72.0.41.0.15.58286352184018
511,IMG_231211_093832_0210_GRE.TIF,N,23.0.12.0.35.9649321070697,E,72.0.41.0.14.879369191147036
512,IMG_231211_093449_0104_REG.TIF,N,23.0.12.0.35.47150030309988,E,72.0.41.0.14.295680615913337
513,IMG_231211_093609_0142_GRE.TIF,N,23.0.12.0.36.70373644660414,E,72.0.41.0.12.056437870207043
514,IMG_231211_093758_0194_RED.TIF,N,23.0.12.0.37.05916850638006,E,72.0.41.0.12.065710053930735
515,IMG_231211_093554_0135_RED.TIF,N,23.0.12.0.36.63502548350072,E,72.0.41.0.11.778885629182785
516,IMG_231211_093811_0200_RED.TIF,N,23.0.12.0.36.64786198072869,E,72.0.41.0.13.115236918863854
517,IMG_231211_093714_0173_RED.TIF,N,23.0.12.0.36.0206004011392,E,72.0.41.0.14.338318243142766
518,IMG_231211_093302_0053_NIR.TIF,N,23.0.12.0.35.26417124707539,E,72.0.41.0.14.025132595494933
519,IMG_231211_093506_0112_GRE.TIF,N,23.0.12.0.35.04921758778725,E,72.0.41.0.15.58286171264842
520,IMG_231211_093449_0104_GRE.TIF,N,23.0.12.0.35.471504990362575,E,72.0.41.0.14.295673002672576
521,IMG_231211_093832_0210_REG.TIF,N,23.0.12.0.35.964927288495474,E,72.0.41.0.14.879377438781445
522,IMG_231211_093531_0124_RED.TIF,N,23.0.12.0.35.89243371039033,E,72.0.41.0.13.724169778226464
523,IMG_231211_093451_0105_NIR.TIF,N,23.0.12.0.35.40345719411641,E,72.0.41.0.14.475518136496245
524,IMG_231211_093621_0148_GRE.TIF,N,23.0.12.0.36.296844616478616,E,72.0.41.0.13.085400789592807
525,IMG_231211_093224_0035_NIR.TIF,N,23.0.12.0.36.067876027140315,E,72.0.41.0.11.852375984844738
526,IMG_231211_093233_0039_NIR.TIF,N,23.0.12.0.36.2172290524192,E,72.0.41.0.11.568756479630386
527,IMG_231211_093403_0082_REG.TIF,N,23.0.12.0.36.180213220086074,E,72.0.41.0.12.064402088960247
528,IMG_231211_093348_0075_RED.TIF,N,23.0.12.0.35.71112503056463,E,72.0.41.0.13.30727302446559
529,IMG_231211_093611_0143_NIR.TIF,N,23.0.12.0.36.63785809236557,E,72.0.41.0.12.219706794679867
530,IMG_231211_093542_0129_GRE.TIF,N,23.0.12.0.36.231999383840424,E,72.0.41.0.12.839750744430201
531,IMG_231211_093413_0087_RED.TIF,N,23.0.12.0.36.544771898304596,E,72.0.41.0.11.416792269173085
532,IMG_231211_093209_0028_REG.TIF,N,23.0.12.0.35.538619760516696,E,72.0.41.0.13.065187251142031
533,IMG_231211_093439_0099_GRE.TIF,N,23.0.12.0.35.81388523659525,E,72.0.41.0.13.413948437626333
534,IMG_231211_093613_0144_REG.TIF,N,23.0.12.0.36.56960755531291,E,72.0.41.0.12.390344740961066
535,IMG_231211_093527_0122_NIR.TIF,N,23.0.12.0.35.756038545752624,E,72.0.41.0.14.069057783537666
536,IMG_231211_093840_0214_RED.TIF,N,23.0.12.0.35.69786333487175,E,72.0.41.0.15.585775055614242
537,IMG_231211_093323_0063_GRE.TIF,N,23.0.12.0.34.9102818756466,E,72.0.41.0.15.397268520255231
538,IMG_231211_093720_0176_RED.TIF,N,23.0.12.0.36.221507616239286,E,72.0.41.0.13.815074139425299
539,IMG_231211_093256_0050_GRE.TIF,N,23.0.12.0.35.46890140670321,E,72.0.41.0.13.498454815867984
540,IMG_231211_093239_0042_RED.TIF,N,23.0.12.0.36.01600674218072,E,72.0.41.0.12.10629655674573
541,IMG_231211_093640_0157_NIR.TIF,N,23.0.12.0.35.68107299643808,E,72.0.41.0.14.674453078456517
542,IMG_231211_093733_0182_GRE.TIF,N,23.0.12.0.36.630293778728344,E,72.0.41.0.12.746787078848884
543,IMG_231211_093447_0103_RED.TIF,N,23.0.12.0.35.54025953474227,E,72.0.41.0.14.11973234306628
544,IMG_231211_093645_0159_RED.TIF,N,23.0.12.0.35.5475968482822,E,72.0.41.0.15.026961877703405
545,IMG_231211_093319_0061_RED.TIF,N,23.0.12.0.34.76132115652112,E,72.0.41.0.15.394361652216192
546,IMG_231211_093544_0130_REG.TIF,N,23.0.12.0.36.30047684399037,E,72.0.41.0.12.660043307994583
547,IMG_231211_093756_0193_GRE.TIF,N,23.0.12.0.37.1314842353128,E,72.0.41.0.11.890556826032238
548,IMG_231211_093350_0076_GRE.TIF,N,23.0.12.0.35.776489631086356,E,72.0.41.0.13.127106019508881
549,IMG_231211_093201_0024_NIR.TIF,N,23.0.12.0.35.23000400288076,E,72.0.41.0.13.749127136659439
550,IMG_231211_093626_0150_RED.TIF,N,23.0.12.0.36.162739646701404,E,72.0.41.0.13.438090667247238
551,IMG_231211_093405_0083_RED.TIF,N,23.0.12.0.36.24496359104501,E,72.0.41.0.11.892452199897235
552,IMG_231211_093605_0140_REG.TIF,N,23.0.12.0.36.842558991948344,E,72.0.41.0.11.707813317099829
553,IMG_231211_093426_0093_REG.TIF,N,23.0.12.0.36.22509300515539,E,72.0.41.0.12.362633812210053
554,IMG_231211_093834_0211_RED.TIF,N,23.0.12.0.35.89820803807703,E,72.0.41.0.15.056009250650789
555,IMG_231211_093712_0172_REG.TIF,N,23.0.12.0.35.948501049084854,E,72.0.41.0.14.51384845255988
556,IMG_231211_093420_0090_NIR.TIF,N,23.0.12.0.36.437456949177346,E,72.0.41.0.11.835174195030078
557,IMG_231211_093552_0134_REG.TIF,N,23.0.12.0.36.57036233867366,E,72.0.41.0.11.947296056239585
558,IMG_231211_093207_0027_REG.TIF,N,23.0.12.0.35.466511414374615,E,72.0.41.0.13.234988721423424
559,IMG_231211_093306_0055_RED.TIF,N,23.0.12.0.35.12596778298578,E,72.0.41.0.14.378631926127591
560,IMG_231211_093825_0207_NIR.TIF,N,23.0.12.0.36.16163136321582,E,72.0.41.0.14.348336725468547
561,IMG_231211_093809_0199_RED.TIF,N,23.0.12.0.36.71340477391756,E,72.0.41.0.12.946288001186426
562,IMG_231211_093550_0133_NIR.TIF,N,23.0.12.0.36.50319671849146,E,72.0.41.0.12.126577878848359
563,IMG_231211_093354_0078_NIR.TIF,N,23.0.12.0.35.909606146125974,E,72.0.41.0.12.783452809573713
564,IMG_231211_093548_0132_GRE.TIF,N,23.0.12.0.36.43288492352819,E,72.0.41.0.12.309007723065566
565,IMG_231211_093615_0145_RED.TIF,N,23.0.12.0.36.500427079494884,E,72.0.41.0.12.560888438901829
566,IMG_231211_093336_0069_NIR.TIF,N,23.0.12.0.35.31270915642582,E,72.0.41.0.14.363987149193647
567,IMG_231211_093851_0219_REG.TIF,N,23.0.12.0.35.470890969496615,E,72.0.41.0.15.75141124184177
568,IMG_231211_093251_0048_RED.TIF,N,23.0.12.0.35.60705874733563,E,72.0.41.0.13.150282579832835
569,IMG_231211_093636_0155_REG.TIF,N,23.0.12.0.35.8166687459117,E,72.0.41.0.14.321866285103011
570,IMG_231211_093220_0033_RED.TIF,N,23.0.12.0.35.91793059161221,E,72.0.41.0.12.192984539893274
571,IMG_231211_093811_0200_REG.TIF,N,23.0.12.0.36.64785697741942,E,72.0.41.0.13.11523948200474
572,IMG_231211_093554_0135_REG.TIF,N,23.0.12.0.36.63502548350072,E,72.0.41.0.11.778882528054961
573,IMG_231211_093758_0194_REG.TIF,N,23.0.12.0.37.05916594825697,E,72.0.41.0.12.065712223262425
574,IMG_231211_093714_0173_REG.TIF,N,23.0.12.0.36.0206004011392,E,72.0.41.0.14.338313647908427
575,IMG_231211_093832_0210_RED.TIF,N,23.0.12.0.35.964927288495474,E,72.0.41.0.14.879374139726584
576,IMG_231211_093531_0124_REG.TIF,N,23.0.12.0.35.89243610997439,E,72.0.41.0.13.724166971551064
577,IMG_231211_093741_0186_GRE.TIF,N,23.0.12.0.36.89546888579268,E,72.0.41.0.12.047496766365533
578,IMG_231211_093537_0127_NIR.TIF,N,23.0.12.0.36.09824362679185,E,72.0.41.0.13.194701222010062
579,IMG_231211_093827_0208_GRE.TIF,N,23.0.12.0.36.09589669479081,E,72.0.41.0.14.523450590648718
580,IMG_231211_093632_0153_NIR.TIF,N,23.0.12.0.35.957729780266206,E,72.0.41.0.13.96224283660945
581,IMG_231211_093838_0213_GRE.TIF,N,23.0.12.0.35.76489233144906,E,72.0.41.0.15.407735973551327
582,IMG_231211_093348_0075_REG.TIF,N,23.0.12.0.35.71112503056463,E,72.0.41.0.13.307270385716105
583,IMG_231211_093403_0082_RED.TIF,N,23.0.12.0.36.180213220086074,E,72.0.41.0.12.064404257821636
584,IMG_231211_093817_0203_NIR.TIF,N,23.0.12.0.36.435080539531725,E,72.0.41.0.13.642141120337369
585,IMG_231211_093209_0028_RED.TIF,N,23.0.12.0.35.5386150554999,E,72.0.41.0.13.065189794757599
586,IMG_231211_093413_0087_REG.TIF,N,23.0.12.0.36.54477687350629,E,72.0.41.0.11.416792269173085
587,IMG_231211_093840_0214_REG.TIF,N,23.0.12.0.35.69786333487175,E,72.0.41.0.15.585778675351282
588,IMG_231211_093613_0144_RED.TIF,N,23.0.12.0.36.569610046295864,E,72.0.41.0.12.390341309508248
589,IMG_231211_093441_0100_NIR.TIF,N,23.0.12.0.35.74414512270047,E,72.0.41.0.13.593575193837314
590,IMG_231211_093720_0176_REG.TIF,N,23.0.12.0.36.221507616239286,E,72.0.41.0.13.815071295445787
591,IMG_231211_093846_0217_NIR.TIF,N,23.0.12.0.35.582760530754676,E,72.0.41.0.15.866879561051459
592,IMG_231211_093239_0042_REG.TIF,N,23.0.12.0.36.01600674218072,E,72.0.41.0.12.106299832671905
593,IMG_231211_093319_0061_REG.TIF,N,23.0.12.0.34.76132115652112,E,72.0.41.0.15.39436341790245
594,IMG_231211_093645_0159_REG.TIF,N,23.0.12.0.35.5475968482822,E,72.0.41.0.15.026963560116092
595,IMG_231211_093516_0117_GRE.TIF,N,23.0.12.0.35.410899282423784,E,72.0.41.0.14.94405991815478
596,IMG_231211_093447_0103_REG.TIF,N,23.0.12.0.35.54025953474227,E,72.0.41.0.14.119735313864348
597,IMG_231211_093823_0206_NIR.TIF,N,23.0.12.0.36.23008244696753,E,72.0.41.0.14.172247134036333
598,IMG_231211_093544_0130_RED.TIF,N,23.0.12.0.36.30047684399037,E,72.0.41.0.12.660046890458934
599,IMG_231211_093619_0147_GRE.TIF,N,23.0.12.0.36.36362422873817,E,72.0.41.0.12.912630361136461
600,IMG_231211_093716_0174_NIR.TIF,N,23.0.12.0.36.08968013493929,E,72.0.41.0.14.162023160554499
601,IMG_231211_093626_0150_REG.TIF,N,23.0.12.0.36.162739646701404,E,72.0.41.0.13.438093358133454
602,IMG_231211_093405_0083_REG.TIF,N,23.0.12.0.36.24496359104501,E,72.0.41.0.11.89244903868186
603,IMG_231211_093222_0034_NIR.TIF,N,23.0.12.0.35.99142485831589,E,72.0.41.0.12.026431351677461
604,IMG_231211_093518_0118_GRE.TIF,N,23.0.12.0.35.479831524120755,E,72.0.41.0.14.77708409323791
605,IMG_231211_093605_0140_RED.TIF,N,23.0.12.0.36.842558991948344,E,72.0.41.0.11.707811274554915
606,IMG_231211_093558_0137_GRE.TIF,N,23.0.12.0.36.75766490872117,E,72.0.41.0.11.475722130076118
607,IMG_231211_093848_0218_NIR.TIF,N,23.0.12.0.35.571517083833605,E,72.0.41.0.15.850944268792254
608,IMG_231211_093426_0093_RED.TIF,N,23.0.12.0.36.225097893695676,E,72.0.41.0.12.362630396088914
609,IMG_231211_093834_0211_REG.TIF,N,23.0.12.0.35.89820803807703,E,72.0.41.0.15.05601262849765
610,IMG_231211_093712_0172_RED.TIF,N,23.0.12.0.35.948501049084854,E,72.0.41.0.14.513850022038241
611,IMG_231211_093500_0109_NIR.TIF,N,23.0.12.0.35.137660289491365,E,72.0.41.0.15.179540855506353
612,IMG_231211_093552_0134_RED.TIF,N,23.0.12.0.36.57036233867366,E,72.0.41.0.11.94729818320017
613,IMG_231211_093207_0027_RED.TIF,N,23.0.12.0.35.466511414374615,E,72.0.41.0.13.234991331584745
614,IMG_231211_093306_0055_REG.TIF,N,23.0.12.0.35.12596548479174,E,72.0.41.0.14.378635006869658
615,IMG_231211_093809_0199_REG.TIF,N,23.0.12.0.36.71340477391756,E,72.0.41.0.12.94629049871649
616,IMG_231211_093430_0095_NIR.TIF,N,23.0.12.0.36.08934049391634,E,72.0.41.0.12.709848427851687
617,IMG_231211_093539_0128_NIR.TIF,N,23.0.12.0.36.16445944743451,E,72.0.41.0.13.016901594990221
618,IMG_231211_093735_0183_GRE.TIF,N,23.0.12.0.36.6993381901126,E,72.0.41.0.12.567794900593166
619,IMG_231211_093653_0163_GRE.TIF,N,23.0.12.0.35.31221675193405,E,72.0.41.0.15.688102793001786
620,IMG_231211_093216_0031_NIR.TIF,N,23.0.12.0.35.767115398734006,E,72.0.41.0.12.54732464461733
621,IMG_231211_093407_0084_NIR.TIF,N,23.0.12.0.36.31032187134696,E,72.0.41.0.11.717955161911235
622,IMG_231211_093428_0094_GRE.TIF,N,23.0.12.0.36.15793676375735,E,72.0.41.0.12.534582560843065
623,IMG_231211_093615_0145_REG.TIF,N,23.0.12.0.36.500427079494884,E,72.0.41.0.12.560890789946663
624,IMG_231211_093251_0048_REG.TIF,N,23.0.12.0.35.60705874733563,E,72.0.41.0.13.150286445119159
625,IMG_231211_093235_0040_GRE.TIF,N,23.0.12.0.36.150284501117895,E,72.0.41.0.11.758958467140987
626,IMG_231211_093851_0219_RED.TIF,N,23.0.12.0.35.4708933130473,E,72.0.41.0.15.751413090382862
627,IMG_231211_093220_0033_REG.TIF,N,23.0.12.0.35.91793059161221,E,72.0.41.0.12.192981216885938
628,IMG_231211_093636_0155_RED.TIF,N,23.0.12.0.35.816673524840496,E,72.0.41.0.14.321864756870973
629,IMG_231211_093748_0189_GRE.TIF,N,23.0.12.0.37.09219770777282,E,72.0.41.0.11.541434247193296
630,IMG_231211_093539_0128_REG.TIF,N,23.0.12.0.36.16445944743451,E,72.0.41.0.13.016904119839399
631,IMG_231211_093809_0199_NIR.TIF,N,23.0.12.0.36.71340477391756,E,72.0.41.0.12.946294245013393
632,IMG_231211_093430_0095_REG.TIF,N,23.0.12.0.36.08934049391634,E,72.0.41.0.12.709846020714881
633,IMG_231211_093354_0078_RED.TIF,N,23.0.12.0.35.90960374424556,E,72.0.41.0.12.783457679771727
634,IMG_231211_093550_0133_RED.TIF,N,23.0.12.0.36.50319175460476,E,72.0.41.0.12.12658445267313
635,IMG_231211_093216_0031_REG.TIF,N,23.0.12.0.35.767115398734006,E,72.0.41.0.12.547326990587383
636,IMG_231211_093306_0055_NIR.TIF,N,23.0.12.0.35.12596548479174,E,72.0.41.0.14.378636547241188
637,IMG_231211_093825_0207_RED.TIF,N,23.0.12.0.36.161636234642934,E,72.0.41.0.14.348330589924997
638,IMG_231211_093251_0048_NIR.TIF,N,23.0.12.0.35.6070563857576,E,72.0.41.0.13.150289021977972
639,IMG_231211_093220_0033_NIR.TIF,N,23.0.12.0.35.91793539760144,E,72.0.41.0.12.192979001548721
640,IMG_231211_093407_0084_REG.TIF,N,23.0.12.0.36.31032187134696,E,72.0.41.0.11.717958231040281
641,IMG_231211_093336_0069_RED.TIF,N,23.0.12.0.35.31270915642582,E,72.0.41.0.14.363991760898738
642,IMG_231211_093615_0145_NIR.TIF,N,23.0.12.0.36.500427079494884,E,72.0.41.0.12.560894316515563
643,IMG_231211_093222_0034_REG.TIF,N,23.0.12.0.35.99142485831589,E,72.0.41.0.12.026433506908058
644,IMG_231211_093848_0218_REG.TIF,N,23.0.12.0.35.571517083833605,E,72.0.41.0.15.850944268792254
645,IMG_231211_093626_0150_NIR.TIF,N,23.0.12.0.36.162739646701404,E,72.0.41.0.13.438094703576965
646,IMG_231211_093201_0024_RED.TIF,N,23.0.12.0.35.22999937922546,E,72.0.41.0.13.74913277044798
647,IMG_231211_093327_0065_GRE.TIF,N,23.0.12.0.35.047920247919535,E,72.0.41.0.15.06085295081351
648,IMG_231211_093706_0169_GRE.TIF,N,23.0.12.0.35.74637989201465,E,72.0.41.0.15.033925243487737
649,IMG_231211_093405_0083_NIR.TIF,N,23.0.12.0.36.24496359104501,E,72.0.41.0.11.892446931205876
650,IMG_231211_093157_0022_GRE.TIF,N,23.0.12.0.35.08011668674947,E,72.0.41.0.14.085097797956756
651,IMG_231211_093737_0184_GRE.TIF,N,23.0.12.0.36.76376632494849,E,72.0.41.0.12.39833488315143
652,IMG_231211_093834_0211_NIR.TIF,N,23.0.12.0.35.89820803807703,E,72.0.41.0.15.056014317421647
653,IMG_231211_093420_0090_RED.TIF,N,23.0.12.0.36.43746189520225,E,72.0.41.0.11.83516897696803
654,IMG_231211_093500_0109_REG.TIF,N,23.0.12.0.35.137660289491365,E,72.0.41.0.15.179539138755235
655,IMG_231211_093527_0122_RED.TIF,N,23.0.12.0.35.756033782990876,E,72.0.41.0.14.069062207806773
656,IMG_231211_093840_0214_NIR.TIF,N,23.0.12.0.35.69786333487175,E,72.0.41.0.15.58578048522043
657,IMG_231211_093603_0139_GRE.TIF,N,23.0.12.0.36.900824794271394,E,72.0.41.0.11.54344927728373
658,IMG_231211_093441_0100_REG.TIF,N,23.0.12.0.35.74414512270047,E,72.0.41.0.13.593572440322529
659,IMG_231211_093855_0221_GRE.TIF,N,23.0.12.0.34.982630678021486,E,72.0.41.0.15.241080794822986
660,IMG_231211_093510_0114_GRE.TIF,N,23.0.12.0.35.19926734810126,E,72.0.41.0.15.456025290352372
661,IMG_231211_093720_0176_NIR.TIF,N,23.0.12.0.36.221507616239286,E,72.0.41.0.13.815068451467447
662,IMG_231211_093413_0087_NIR.TIF,N,23.0.12.0.36.54477687350629,E,72.0.41.0.11.416792269173085
663,IMG_231211_093823_0206_REG.TIF,N,23.0.12.0.36.230087336854545,E,72.0.41.0.14.17224563756809
664,IMG_231211_093647_0160_GRE.TIF,N,23.0.12.0.35.48190204336336,E,72.0.41.0.15.199849690567632
665,IMG_231211_093716_0174_REG.TIF,N,23.0.12.0.36.08968013493929,E,72.0.41.0.14.162026149175235
666,IMG_231211_093640_0157_RED.TIF,N,23.0.12.0.35.681075367844365,E,72.0.41.0.14.674448265243557
667,IMG_231211_093846_0217_REG.TIF,N,23.0.12.0.35.582760530754676,E,72.0.41.0.15.866879561051459
668,IMG_231211_093239_0042_NIR.TIF,N,23.0.12.0.36.01600190991084,E,72.0.41.0.12.106302016623673
669,IMG_231211_093645_0159_NIR.TIF,N,23.0.12.0.35.54759214088812,E,72.0.41.0.15.0269669249426
670,IMG_231211_093319_0061_NIR.TIF,N,23.0.12.0.34.76132115652112,E,72.0.41.0.15.394365183589112
671,IMG_231211_093447_0103_NIR.TIF,N,23.0.12.0.35.540257182016624,E,72.0.41.0.14.119738284663665
672,IMG_231211_093302_0053_RED.TIF,N,23.0.12.0.35.26417124707539,E,72.0.41.0.14.025126733251096
673,IMG_231211_093714_0173_NIR.TIF,N,23.0.12.0.36.02060281789099,E,72.0.41.0.14.338310584420503
674,IMG_231211_093531_0124_NIR.TIF,N,23.0.12.0.35.89243610997439,E,72.0.41.0.13.724164164876813
675,IMG_231211_093724_0178_GRE.TIF,N,23.0.12.0.36.35855361846467,E,72.0.41.0.13.460547246147252
676,IMG_231211_093811_0200_NIR.TIF,N,23.0.12.0.36.64785697741942,E,72.0.41.0.13.115243326717948
677,IMG_231211_093758_0194_NIR.TIF,N,23.0.12.0.37.05916594825697,E,72.0.41.0.12.065714392594895
678,IMG_231211_093554_0135_NIR.TIF,N,23.0.12.0.36.63502798340369,E,72.0.41.0.11.77888149434605
679,IMG_231211_093348_0075_NIR.TIF,N,23.0.12.0.35.71112503056463,E,72.0.41.0.13.307267746967668
680,IMG_231211_093247_0046_GRE.TIF,N,23.0.12.0.35.74390714456155,E,72.0.41.0.12.799083311646744
681,IMG_231211_093233_0039_RED.TIF,N,23.0.12.0.36.21723149562806,E,72.0.41.0.11.568750496692395
682,IMG_231211_093611_0143_RED.TIF,N,23.0.12.0.36.63786309294504,E,72.0.41.0.12.219701232032948
683,IMG_231211_093817_0203_REG.TIF,N,23.0.12.0.36.43517944738228,E,72.0.41.0.13.641879055559835
684,IMG_231211_093451_0105_RED.TIF,N,23.0.12.0.35.4034618634137,E,72.0.41.0.14.475511891701666
685,IMG_231211_093537_0127_REG.TIF,N,23.0.12.0.36.09823877242932,E,72.0.41.0.13.194706410600615
686,IMG_231211_093632_0153_REG.TIF,N,23.0.12.0.35.957732188588935,E,72.0.41.0.13.962239931714732
687,IMG_231211_093224_0035_RED.TIF,N,23.0.12.0.36.067876027140315,E,72.0.41.0.11.852381218090773
688,IMG_231211_093430_0095_RED.TIF,N,23.0.12.0.36.08934049391634,E,72.0.41.0.12.709842410011381
689,IMG_231211_093539_0128_RED.TIF,N,23.0.12.0.36.16445457524672,E,72.0.41.0.13.016906644689556
690,IMG_231211_093354_0078_REG.TIF,N,23.0.12.0.35.90960374424556,E,72.0.41.0.12.783455244672256
691,IMG_231211_093216_0031_RED.TIF,N,23.0.12.0.35.767115398734006,E,72.0.41.0.12.547329336558313
692,IMG_231211_093550_0133_REG.TIF,N,23.0.12.0.36.50319671849146,E,72.0.41.0.12.126581165759854
693,IMG_231211_093825_0207_REG.TIF,N,23.0.12.0.36.161636234642934,E,72.0.41.0.14.348333657696116
694,IMG_231211_093851_0219_NIR.TIF,N,23.0.12.0.35.470890969496615,E,72.0.41.0.15.751409393301113
695,IMG_231211_093636_0155_NIR.TIF,N,23.0.12.0.35.8166687459117,E,72.0.41.0.14.321869341568068
696,IMG_231211_093853_0220_GRE.TIF,N,23.0.12.0.35.273853782381316,E,72.0.41.0.15.546288105961642
697,IMG_231211_093407_0084_RED.TIF,N,23.0.12.0.36.31032187134696,E,72.0.41.0.11.717960277127206
698,IMG_231211_093336_0069_REG.TIF,N,23.0.12.0.35.31270915642582,E,72.0.41.0.14.363988686428348
699,IMG_231211_093605_0140_NIR.TIF,N,23.0.12.0.36.84255646364213,E,72.0.41.0.11.707816380918535
700,IMG_231211_093222_0034_RED.TIF,N,23.0.12.0.35.99142485831589,E,72.0.41.0.12.026436739755402
701,IMG_231211_093848_0218_RED.TIF,N,23.0.12.0.35.571517083833605,E,72.0.41.0.15.850946140768988
702,IMG_231211_093426_0093_NIR.TIF,N,23.0.12.0.36.22509300515539,E,72.0.41.0.12.362636089625195
703,IMG_231211_093201_0024_REG.TIF,N,23.0.12.0.35.22999937922546,E,72.0.41.0.13.749129953553133
704,IMG_231211_093207_0027_NIR.TIF,N,23.0.12.0.35.46651375734662,E,72.0.41.0.13.234986111263133
705,IMG_231211_093552_0134_NIR.TIF,N,23.0.12.0.36.57036233867366,E,72.0.41.0.11.947292865800131
706,IMG_231211_093228_0037_GRE.TIF,N,23.0.12.0.36.21998520155669,E,72.0.41.0.11.511394684350705
707,IMG_231211_093712_0172_NIR.TIF,N,23.0.12.0.35.948501049084854,E,72.0.41.0.14.513846883081857
708,IMG_231211_093420_0090_REG.TIF,N,23.0.12.0.36.43746189520225,E,72.0.41.0.11.835172107804706
709,IMG_231211_093500_0109_RED.TIF,N,23.0.12.0.35.137660289491365,E,72.0.41.0.15.179537422004504
710,IMG_231211_093613_0144_NIR.TIF,N,23.0.12.0.36.56960755531291,E,72.0.41.0.12.390347028597334
711,IMG_231211_093527_0122_REG.TIF,N,23.0.12.0.35.756038545752624,E,72.0.41.0.14.069059258293725
712,IMG_231211_093441_0100_RED.TIF,N,23.0.12.0.35.74414750249787,E,72.0.41.0.13.59356968680886
713,IMG_231211_093819_0204_GRE.TIF,N,23.0.12.0.36.366779605781446,E,72.0.41.0.13.819677232432538
714,IMG_231211_093800_0195_GRE.TIF,N,23.0.12.0.36.987312282147805,E,72.0.41.0.12.24636876861234
715,IMG_231211_093750_0190_GRE.TIF,N,23.0.12.0.37.19547365310657,E,72.0.41.0.11.515874787795266
716,IMG_231211_093209_0028_NIR.TIF,N,23.0.12.0.35.538619760516696,E,72.0.41.0.13.065184707527454
717,IMG_231211_093340_0071_GRE.TIF,N,23.0.12.0.35.44455028833515,E,72.0.41.0.14.00937793921923
718,IMG_231211_093823_0206_RED.TIF,N,23.0.12.0.36.230087336854545,E,72.0.41.0.14.172242644632549
719,IMG_231211_093544_0130_NIR.TIF,N,23.0.12.0.36.3004792984439,E,72.0.41.0.12.660042113840248
720,IMG_231211_093716_0174_RED.TIF,N,23.0.12.0.36.08968013493929,E,72.0.41.0.14.16202913779723
721,IMG_231211_093846_0217_RED.TIF,N,23.0.12.0.35.582760530754676,E,72.0.41.0.15.866879561051459
722,IMG_231211_093640_0157_REG.TIF,N,23.0.12.0.35.68107299643808,E,72.0.41.0.14.674451474051846
723,IMG_231211_093302_0053_REG.TIF,N,23.0.12.0.35.26417124707539,E,72.0.41.0.14.025129664372402
724,IMG_231211_093832_0210_NIR.TIF,N,23.0.12.0.35.964927288495474,E,72.0.41.0.14.879379088309424
725,IMG_231211_093657_0165_GRE.TIF,N,23.0.12.0.35.46041136504023,E,72.0.41.0.15.70887135987384
726,IMG_231211_093403_0082_NIR.TIF,N,23.0.12.0.36.180218096520896,E,72.0.41.0.12.064398835669625
727,IMG_231211_093233_0039_REG.TIF,N,23.0.12.0.36.2172290524192,E,72.0.41.0.11.568753488160617
728,IMG_231211_093817_0203_RED.TIF,N,23.0.12.0.36.43517944738228,E,72.0.41.0.13.641874895882639
729,IMG_231211_093611_0143_REG.TIF,N,23.0.12.0.36.63786309294504,E,72.0.41.0.12.219704569620491
730,IMG_231211_093451_0105_REG.TIF,N,23.0.12.0.35.40345719411641,E,72.0.41.0.14.475515014098281
731,IMG_231211_093224_0035_REG.TIF,N,23.0.12.0.36.067876027140315,E,72.0.41.0.11.852378078142598
732,IMG_231211_093632_0153_RED.TIF,N,23.0.12.0.35.957732188588935,E,72.0.41.0.13.962237026821223
733,IMG_231211_093537_0127_RED.TIF,N,23.0.12.0.36.09823877242932,E,72.0.41.0.13.194709004897422
734,IMG_231211_093247_0046_RED.TIF,N,23.0.12.0.35.743904764796156,E,72.0.41.0.12.799088193761754
735,IMG_231211_093233_0039_GRE.TIF,N,23.0.12.0.36.21723149562806,E,72.0.41.0.11.568745510915463
736,IMG_231211_093611_0143_GRE.TIF,N,23.0.12.0.36.63786309294504,E,72.0.41.0.12.219697894447227
737,IMG_231211_093451_0105_GRE.TIF,N,23.0.12.0.35.4034618634137,E,72.0.41.0.14.475507208109269
738,IMG_231211_093224_0035_GRE.TIF,N,23.0.12.0.36.0678711809418,E,72.0.41.0.11.852384358040613
739,IMG_231211_093621_0148_NIR.TIF,N,23.0.12.0.36.29683970855486,E,72.0.41.0.13.085409719820081
740,IMG_231211_093302_0053_GRE.TIF,N,23.0.12.0.35.26417587970462,E,72.0.41.0.14.025122336571433
741,IMG_231211_093506_0112_NIR.TIF,N,23.0.12.0.35.049224452274785,E,72.0.41.0.15.58286352184018
742,IMG_231211_093449_0104_NIR.TIF,N,23.0.12.0.35.471495615838414,E,72.0.41.0.14.295683661211912
743,IMG_231211_093657_0165_REG.TIF,N,23.0.12.0.35.46041136504023,E,72.0.41.0.15.708865844166864
744,IMG_231211_093724_0178_RED.TIF,N,23.0.12.0.36.358558543092066,E,72.0.41.0.13.460543196318357
745,IMG_231211_093609_0142_NIR.TIF,N,23.0.12.0.36.70373142802684,E,72.0.41.0.12.05645411521717
746,IMG_231211_093340_0071_REG.TIF,N,23.0.12.0.35.44455028833515,E,72.0.41.0.14.009370627868828
747,IMG_231211_093647_0160_RED.TIF,N,23.0.12.0.35.48190204336336,E,72.0.41.0.15.199853133264607
748,IMG_231211_093756_0193_NIR.TIF,N,23.0.12.0.37.13148166719634,E,72.0.41.0.11.890566306665749
749,IMG_231211_093640_0157_GRE.TIF,N,23.0.12.0.35.681075367844365,E,72.0.41.0.14.674443452033755
750,IMG_231211_093733_0182_NIR.TIF,N,23.0.12.0.36.63029877724317,E,72.0.41.0.12.746776183686224
751,IMG_231211_093527_0122_GRE.TIF,N,23.0.12.0.35.756033782990876,E,72.0.41.0.14.069066632078664
752,IMG_231211_093323_0063_NIR.TIF,N,23.0.12.0.34.910286415761966,E,72.0.41.0.15.397261454846726
753,IMG_231211_093603_0139_RED.TIF,N,23.0.12.0.36.900824794271394,E,72.0.41.0.11.54345225568139
754,IMG_231211_093855_0221_RED.TIF,N,23.0.12.0.34.98261928064436,E,72.0.41.0.15.241070410633546
755,IMG_231211_093256_0050_NIR.TIF,N,23.0.12.0.35.46889437684171,E,72.0.41.0.13.498473821699662
756,IMG_231211_093510_0114_RED.TIF,N,23.0.12.0.35.19926734810126,E,72.0.41.0.15.4560217306339
757,IMG_231211_093542_0129_NIR.TIF,N,23.0.12.0.36.232001829042495,E,72.0.41.0.12.839742146358702
758,IMG_231211_093750_0190_REG.TIF,N,23.0.12.0.37.195476230082384,E,72.0.41.0.11.51587577585687
759,IMG_231211_093439_0099_NIR.TIF,N,23.0.12.0.35.81388045841049,E,72.0.41.0.13.413957821922947
760,IMG_231211_093800_0195_REG.TIF,N,23.0.12.0.36.98730973393529,E,72.0.41.0.12.246375472956055
761,IMG_231211_093819_0204_REG.TIF,N,23.0.12.0.36.366774678926774,E,72.0.41.0.13.81968434712521
762,IMG_231211_093737_0184_RED.TIF,N,23.0.12.0.36.76376632494849,E,72.0.41.0.12.39833030197863
763,IMG_231211_093228_0037_REG.TIF,N,23.0.12.0.36.21999008871848,E,72.0.41.0.11.511386786013059
764,IMG_231211_093420_0090_GRE.TIF,N,23.0.12.0.36.43746684122849,E,72.0.41.0.11.835163758910582
765,IMG_231211_093350_0076_NIR.TIF,N,23.0.12.0.35.7764920151926,E,72.0.41.0.13.127098316168317
766,IMG_231211_093327_0065_RED.TIF,N,23.0.12.0.35.047920247919535,E,72.0.41.0.15.060847880785458
767,IMG_231211_093201_0024_GRE.TIF,N,23.0.12.0.35.22999475557137,E,72.0.41.0.13.749136995792417
768,IMG_231211_093157_0022_RED.TIF,N,23.0.12.0.35.08011668674947,E,72.0.41.0.14.085093363596544
769,IMG_231211_093706_0169_RED.TIF,N,23.0.12.0.35.746384652204924,E,72.0.41.0.15.033921875544305
770,IMG_231211_093853_0220_REG.TIF,N,23.0.12.0.35.273842194452776,E,72.0.41.0.15.546275501008695
771,IMG_231211_093548_0132_NIR.TIF,N,23.0.12.0.36.43289234070434,E,72.0.41.0.12.30899191918701
772,IMG_231211_093336_0069_GRE.TIF,N,23.0.12.0.35.312706833730886,E,72.0.41.0.14.36399637260679
773,IMG_231211_093550_0133_GRE.TIF,N,23.0.12.0.36.50319175460476,E,72.0.41.0.12.126589930865883
774,IMG_231211_093354_0078_GRE.TIF,N,23.0.12.0.35.90960374424556,E,72.0.41.0.12.783463767524461
775,IMG_231211_093825_0207_GRE.TIF,N,23.0.12.0.36.161641106071365,E,72.0.41.0.14.348324454386693
776,IMG_231211_093247_0046_REG.TIF,N,23.0.12.0.35.743904764796156,E,72.0.41.0.12.799091855350458
777,IMG_231211_093838_0213_NIR.TIF,N,23.0.12.0.35.76488756632834,E,72.0.41.0.15.407744817333283
778,IMG_231211_093817_0203_GRE.TIF,N,23.0.12.0.36.43518933819687,E,72.0.41.0.13.641858257199221
779,IMG_231211_093741_0186_NIR.TIF,N,23.0.12.0.36.89547395694026,E,72.0.41.0.12.047487033831912
780,IMG_231211_093632_0153_GRE.TIF,N,23.0.12.0.35.957732188588935,E,72.0.41.0.13.962234121928923
781,IMG_231211_093537_0127_GRE.TIF,N,23.0.12.0.36.09823634524855,E,72.0.41.0.13.194714193494095
782,IMG_231211_093827_0208_NIR.TIF,N,23.0.12.0.36.095894267924976,E,72.0.41.0.14.523461591545995
783,IMG_231211_093657_0165_RED.TIF,N,23.0.12.0.35.46041136504023,E,72.0.41.0.15.708867682735425
784,IMG_231211_093724_0178_REG.TIF,N,23.0.12.0.36.358558543092066,E,72.0.41.0.13.460539146491897
785,IMG_231211_093823_0206_GRE.TIF,N,23.0.12.0.36.230087336854545,E,72.0.41.0.14.172239651698273
786,IMG_231211_093340_0071_RED.TIF,N,23.0.12.0.35.44455028833515,E,72.0.41.0.14.009373552408073
787,IMG_231211_093716_0174_GRE.TIF,N,23.0.12.0.36.08967528287967,E,72.0.41.0.14.16203362073259
788,IMG_231211_093619_0147_NIR.TIF,N,23.0.12.0.36.363621765738124,E,72.0.41.0.12.912639057103558
789,IMG_231211_093647_0160_REG.TIF,N,23.0.12.0.35.48190204336336,E,72.0.41.0.15.19985485461368
790,IMG_231211_093846_0217_GRE.TIF,N,23.0.12.0.35.582760530754676,E,72.0.41.0.15.866879561051459
791,IMG_231211_093516_0117_NIR.TIF,N,23.0.12.0.35.4109086249461,E,72.0.41.0.14.94404327916963
792,IMG_231211_093603_0139_REG.TIF,N,23.0.12.0.36.900824794271394,E,72.0.41.0.11.543454241280683
793,IMG_231211_093510_0114_REG.TIF,N,23.0.12.0.35.19927196369341,E,72.0.41.0.15.456019950775278
794,IMG_231211_093855_0221_REG.TIF,N,23.0.12.0.34.98261700116982,E,72.0.41.0.15.241065218544133
795,IMG_231211_093441_0100_GRE.TIF,N,23.0.12.0.35.74414750249787,E,72.0.41.0.13.593565556540447
796,IMG_231211_093819_0204_RED.TIF,N,23.0.12.0.36.366774678926774,E,72.0.41.0.13.819681501247262
797,IMG_231211_093800_0195_RED.TIF,N,23.0.12.0.36.98730973393529,E,72.0.41.0.12.246373238174002
798,IMG_231211_093750_0190_RED.TIF,N,23.0.12.0.37.195476230082384,E,72.0.41.0.11.51587577585687
799,IMG_231211_093228_0037_RED.TIF,N,23.0.12.0.36.21999008871848,E,72.0.41.0.11.511389747888407
800,IMG_231211_093737_0184_REG.TIF,N,23.0.12.0.36.763771359956614,E,72.0.41.0.12.3983280113935
801,IMG_231211_093500_0109_GRE.TIF,N,23.0.12.0.35.137660289491365,E,72.0.41.0.15.179532271754644
802,IMG_231211_093518_0118_NIR.TIF,N,23.0.12.0.35.47983855831836,E,72.0.41.0.14.777075958616
803,IMG_231211_093222_0034_GRE.TIF,N,23.0.12.0.35.991420032640065,E,72.0.41.0.12.026442127838173
804,IMG_231211_093558_0137_NIR.TIF,N,23.0.12.0.36.7576674253895,E,72.0.41.0.11.475718205344105
805,IMG_231211_093848_0218_GRE.TIF,N,23.0.12.0.35.571517083833605,E,72.0.41.0.15.850948012746164
806,IMG_231211_093327_0065_REG.TIF,N,23.0.12.0.35.04792482390548,E,72.0.41.0.15.060846190776866
807,IMG_231211_093642_0158_NIR.TIF,N,23.0.12.0.35.61283846716002,E,72.0.41.0.14.853912795973816
808,IMG_231211_093157_0022_REG.TIF,N,23.0.12.0.35.080118978947915,E,72.0.41.0.14.085091885477093
809,IMG_231211_093706_0169_REG.TIF,N,23.0.12.0.35.746384652204924,E,72.0.41.0.15.033918507602383
810,IMG_231211_093235_0040_NIR.TIF,N,23.0.12.0.36.15027719856466,E,72.0.41.0.11.75897082973288
811,IMG_231211_093748_0189_NIR.TIF,N,23.0.12.0.37.09220027045818,E,72.0.41.0.11.541429284933493
812,IMG_231211_093853_0220_RED.TIF,N,23.0.12.0.35.273844512037876,E,72.0.41.0.15.546279102421737
813,IMG_231211_093407_0084_GRE.TIF,N,23.0.12.0.36.310316959777836,E,72.0.41.0.11.717965392347642
814,IMG_231211_093428_0094_NIR.TIF,N,23.0.12.0.36.15793189332691,E,72.0.41.0.12.534593096284619
815,IMG_231211_093653_0163_NIR.TIF,N,23.0.12.0.35.31222139719529,E,72.0.41.0.15.68811012785056
816,IMG_231211_093430_0095_GRE.TIF,N,23.0.12.0.36.08934291990098,E,72.0.41.0.12.709838799309933
817,IMG_231211_093735_0183_NIR.TIF,N,23.0.12.0.36.69934069880041,E,72.0.41.0.12.567784309264868
818,IMG_231211_093539_0128_GRE.TIF,N,23.0.12.0.36.16445457524672,E,72.0.41.0.13.016910431966629
819,IMG_231211_093216_0031_GRE.TIF,N,23.0.12.0.35.767113015877285,E,72.0.41.0.12.547335201489476
